Java HotSpot(TM) 64-Bit Server VM (25.0-b) for bsd-amd64 JRE (1.8.0), built on Mar 12 2024 12:13:12 by "java_re" with gcc 4.2.1 (Based on Apple Inc. build 5658) (LLVM build 2336.11.00)
Memory: 4k page, physical 16777216k(12481232k free)
CommandLine flags: -XX:InitialHeapSize=268435456 -XX:MaxHeapSize=4294967296 -XX:+PrintGC -XX:+PrintGCDateStamps -XX:+PrintGCDetails -XX:+PrintGCTimeStamps -XX:+UseCompressedClassPointers -XX:+UseCompressedOops -XX:+UseG1GC
2025-09-30T23:50:55.938+0400: [GC (Allocation Failure) 76M->409M(4096M), 0.009 secs]
2025-09-30T23:50:56.959+0400: [GC (Allocation Failure) 116M->409M(4096M), 0.025 secs]
2025-09-30T23:50:57.471+0400: [GC (Allocation Failure) 89M->409M(4096M), 0.038 secs]
2025-09-30T23:50:57.973+0400: [GC (Allocation Failure) 109M->409M(4096M), 0.014 secs]
2025-09-30T23:50:58.991+0400: [Full GC (System.gc()) 120M->409M(4096M), 0.379 secs]
2025-09-30T23:51:00.007+0400: [GC (Allocation Failure) 136M->409M(4096M), 0.029 secs]
2025-09-30T23:51:00.007+0400: [GC (Allocation Failure) 136M->409M(4096M), 0.016 secs]
2025-09-30T23:51:01.020+0400: [GC (Allocation Failure) 196M->409M(4096M), 0.013 secs]
2025-09-30T23:51:02.035+0400: [GC (Allocation Failure) 256M->409M(4096M), 0.058 secs]
2025-09-30T23:51:02.541+0400: [Full GC (System.gc()) 230M->409M(4096M), 0.196 secs]
2025-09-30T23:51:02.553+0400: [System.gc() (Allocation Failure) 230M->172M(4096M), 0.012 secs]
2025-09-30T23:51:03.062+0400: [GC (Allocation Failure) 204M->409M(4096M), 0.010 secs]
2025-09-30T23:51:04.073+0400: [GC (Allocation Failure) 259M->409M(4096M), 0.086 secs]
2025-09-30T23:51:05.087+0400: [GC (Allocation Failure) 319M->409M(4096M), 0.005 secs]
2025-09-30T23:51:05.088+0400: [GC (Allocation Failure) 319M->409M(4096M), 0.011 secs]
2025-09-30T23:51:06.100+0400: [Full GC (System.gc()) 304M->409M(4096M), 0.310 secs]
2025-09-30T23:51:07.112+0400: [GC (Allocation Failure) 364M->409M(4096M), 0.047 secs]
2025-09-30T23:51:07.619+0400: [GC (Allocation Failure) 394M->409M(4096M), 0.010 secs]
2025-09-30T23:51:08.129+0400: [GC (Allocation Failure) 401M->409M(4096M), 0.097 secs]
2025-09-30T23:51:09.139+0400: [GC (Allocation Failure) 367M->409M(4096M), 0.038 secs]
2025-09-30T23:51:10.152+0400: [Full GC (System.gc()) 427M->409M(4096M), 0.497 secs]
2025-09-30T23:51:10.152+0400: [GC (Allocation Failure) 427M->409M(4096M), 0.008 secs]
2025-09-30T23:51:10.169+0400: [System.gc() (Allocation Failure) 427M->322M(4096M), 0.016 secs]
2025-09-30T23:51:11.185+0400: [GC (Allocation Failure) 381M->409M(4096M), 0.016 secs]
2025-09-30T23:51:12.198+0400: [GC (Allocation Failure) 443M->409M(4096M), 0.027 secs]
2025-09-30T23:51:12.709+0400: [GC (Allocation Failure) 473M->409M(4096M), 0.011 secs]
2025-09-30T23:51:13.219+0400: [Full GC (System.gc()) 503M->409M(4096M), 0.255 secs]
2025-09-30T23:51:14.233+0400: [GC (Allocation Failure) 565M->483M(4096M), 0.046 secs]
2025-09-30T23:51:15.249+0400: [GC (Allocation Failure) 539M->409M(4096M), 0.012 secs]
2025-09-30T23:51:15.250+0400: [GC (Allocation Failure) 539M->488M(4096M), 0.046 secs]
2025-09-30T23:51:16.260+0400: [GC (Allocation Failure) 601M->533M(4096M), 0.011 secs]
2025-09-30T23:51:17.276+0400: [Full GC (System.gc()) 513M->409M(4096M), 0.476 secs]
2025-09-30T23:51:17.783+0400: [GC (Allocation Failure) 543M->515M(4096M), 0.022 secs]
2025-09-30T23:51:17.800+0400: [System.gc() (Allocation Failure) 543M->472M(4096M), 0.017 secs]
2025-09-30T23:51:18.309+0400: [GC (Allocation Failure) 503M->466M(4096M), 0.007 secs]
2025-09-30T23:51:19.314+0400: [GC (Allocation Failure) 561M->438M(4096M), 0.074 secs]
2025-09-30T23:51:20.326+0400: [GC (Allocation Failure) 623M->577M(4096M), 0.023 secs]
2025-09-30T23:51:20.327+0400: [Full GC (System.gc()) 623M->409M(4096M), 0.306 secs]
2025-09-30T23:51:21.343+0400: [GC (Allocation Failure) 683M->610M(4096M), 0.096 secs]
2025-09-30T23:51:22.355+0400: [GC (Allocation Failure) 743M->682M(4096M), 0.031 secs]
2025-09-30T23:51:22.864+0400: [GC (Allocation Failure) 773M->674M(4096M), 0.010 secs]
2025-09-30T23:51:23.369+0400: [GC (Allocation Failure) 805M->695M(4096M), 0.019 secs]
2025-09-30T23:51:24.379+0400: [Full GC (System.gc()) 734M->409M(4096M), 0.230 secs]
2025-09-30T23:51:25.391+0400: [GC (Allocation Failure) 794M->676M(4096M), 0.011 secs]
2025-09-30T23:51:25.392+0400: [GC (Allocation Failure) 794M->608M(4096M), 0.050 secs]
2025-09-30T23:51:25.408+0400: [System.gc() (Allocation Failure) 794M->622M(4096M), 0.016 secs]
2025-09-30T23:51:26.418+0400: [GC (Allocation Failure) 680M->628M(4096M), 0.024 secs]
2025-09-30T23:51:27.422+0400: [GC (Allocation Failure) 742M->676M(4096M), 0.040 secs]
2025-09-30T23:51:27.928+0400: [Full GC (System.gc()) 772M->574M(4096M), 0.106 secs]
2025-09-30T23:51:28.435+0400: [GC (Allocation Failure) 802M->748M(4096M), 0.002 secs]
2025-09-30T23:51:29.461+0400: [GC (Allocation Failure) 862M->800M(4096M), 0.040 secs]
2025-09-30T23:51:30.476+0400: [GC (Allocation Failure) 924M->809M(4096M), 0.058 secs]
2025-09-30T23:51:30.476+0400: [GC (Allocation Failure) 924M->862M(4096M), 0.013 secs]
2025-09-30T23:51:31.493+0400: [Full GC (System.gc()) 984M->521M(4096M), 0.452 secs]
2025-09-30T23:51:32.504+0400: [GC (Allocation Failure) 1044M->933M(4096M), 0.097 secs]
2025-09-30T23:51:33.009+0400: [GC (Allocation Failure) 1074M->940M(4096M), 0.036 secs]
2025-09-30T23:51:33.029+0400: [System.gc() (Allocation Failure) 1074M->772M(4096M), 0.017 secs]
2025-09-30T23:51:33.538+0400: [GC (Allocation Failure) 802M->760M(4096M), 0.013 secs]
2025-09-30T23:51:34.547+0400: [GC (Allocation Failure) 862M->732M(4096M), 0.063 secs]
2025-09-30T23:51:35.564+0400: [Full GC (System.gc()) 922M->409M(4096M), 0.141 secs]
2025-09-30T23:51:35.565+0400: [GC (Allocation Failure) 922M->872M(4096M), 0.033 secs]
2025-09-30T23:51:36.580+0400: [GC (Allocation Failure) 982M->706M(4096M), 0.039 secs]
2025-09-30T23:51:37.592+0400: [GC (Allocation Failure) 1042M->950M(4096M), 0.009 secs]
2025-09-30T23:51:38.100+0400: [GC (Allocation Failure) 1072M->943M(4096M), 0.044 secs]
2025-09-30T23:51:38.609+0400: [Full GC (System.gc()) 1104M->734M(4096M), 0.384 secs]
2025-09-30T23:51:39.620+0400: [GC (Allocation Failure) 1164M->1007M(4096M), 0.033 secs]
2025-09-30T23:51:40.636+0400: [GC (Allocation Failure) 1224M->1146M(4096M), 0.030 secs]
2025-09-30T23:51:40.636+0400: [GC (Allocation Failure) 1224M->878M(4096M), 0.091 secs]
2025-09-30T23:51:40.646+0400: [System.gc() (Allocation Failure) 1224M->922M(4096M), 0.010 secs]
2025-09-30T23:51:41.662+0400: [GC (Allocation Failure) 979M->848M(4096M), 0.037 secs]
2025-09-30T23:51:42.680+0400: [Full GC (System.gc()) 1041M->668M(4096M), 0.425 secs]
2025-09-30T23:51:43.184+0400: [GC (Allocation Failure) 1071M->924M(4096M), 0.026 secs]
2025-09-30T23:51:43.690+0400: [GC (Allocation Failure) 1101M->963M(4096M), 0.032 secs]
2025-09-30T23:51:44.704+0400: [GC (Allocation Failure) 1163M->1060M(4096M), 0.035 secs]
2025-09-30T23:51:45.717+0400: [GC (Allocation Failure) 1223M->1085M(4096M), 0.023 secs]
2025-09-30T23:51:45.728+0400: [Full GC (System.gc()) 1223M->774M(4096M), 0.211 secs]
2025-09-30T23:51:46.741+0400: [GC (Allocation Failure) 1283M->1099M(4096M), 0.020 secs]
2025-09-30T23:51:47.759+0400: [GC (Allocation Failure) 1345M->1166M(4096M), 0.091 secs]
2025-09-30T23:51:48.268+0400: [GC (Allocation Failure) 1377M->1197M(4096M), 0.027 secs]
2025-09-30T23:51:48.286+0400: [System.gc() (Allocation Failure) 1377M->1072M(4096M), 0.018 secs]
2025-09-30T23:51:48.795+0400: [GC (Allocation Failure) 1103M->1044M(4096M), 0.003 secs]
2025-09-30T23:51:49.808+0400: [Full GC (System.gc()) 1161M->706M(4096M), 0.286 secs]
2025-09-30T23:51:50.819+0400: [GC (Allocation Failure) 1223M->1152M(4096M), 0.037 secs]
2025-09-30T23:51:50.820+0400: [GC (Allocation Failure) 1223M->1151M(4096M), 0.038 secs]
2025-09-30T23:51:51.833+0400: [GC (Allocation Failure) 1283M->969M(4096M), 0.065 secs]
2025-09-30T23:51:52.843+0400: [GC (Allocation Failure) 1345M->1211M(4096M), 0.013 secs]
2025-09-30T23:51:53.351+0400: [Full GC (System.gc()) 1375M->570M(4096M), 0.306 secs]
2025-09-30T23:51:53.860+0400: [GC (Allocation Failure) 1405M->1168M(4096M), 0.011 secs]
2025-09-30T23:51:54.870+0400: [GC (Allocation Failure) 1467M->1378M(4096M), 0.006 secs]
2025-09-30T23:51:55.885+0400: [GC (Allocation Failure) 1527M->1328M(4096M), 0.036 secs]
2025-09-30T23:51:55.886+0400: [GC (Allocation Failure) 1527M->1341M(4096M), 0.023 secs]
2025-09-30T23:51:55.902+0400: [System.gc() (Allocation Failure) 1527M->1222M(4096M), 0.016 secs]
2025-09-30T23:51:56.923+0400: [Full GC (System.gc()) 1281M->409M(4096M), 0.369 secs]
2025-09-30T23:51:57.940+0400: [GC (Allocation Failure) 1343M->1182M(4096M), 0.030 secs]
2025-09-30T23:51:58.448+0400: [GC (Allocation Failure) 1373M->1041M(4096M), 0.010 secs]
2025-09-30T23:51:58.961+0400: [GC (Allocation Failure) 1403M->1249M(4096M), 0.025 secs]
2025-09-30T23:51:59.972+0400: [GC (Allocation Failure) 1465M->1330M(4096M), 0.002 secs]
2025-09-30T23:52:00.987+0400: [Full GC (System.gc()) 1525M->1007M(4096M), 0.296 secs]
2025-09-30T23:52:00.987+0400: [GC (Allocation Failure) 1525M->1423M(4096M), 0.028 secs]
2025-09-30T23:52:02.009+0400: [GC (Allocation Failure) 1585M->1500M(4096M), 0.035 secs]
2025-09-30T23:52:03.030+0400: [GC (Concurrent Cycle) 1647M->732M(4096M), 0.050 secs]
2025-09-30T23:52:03.031+0400: [GC (Allocation Failure) 1647M->1538M(4096M), 0.019 secs]
2025-09-30T23:52:03.538+0400: [Full GC (System.gc()) 1677M->889M(4096M), 0.378 secs]
2025-09-30T23:52:03.554+0400: [System.gc() (Allocation Failure) 1677M->1372M(4096M), 0.016 secs]
2025-09-30T23:52:04.065+0400: [GC (Allocation Failure) 1403M->1194M(4096M), 0.073 secs]
2025-09-30T23:52:05.078+0400: [GC (Allocation Failure) 1461M->1246M(4096M), 0.011 secs]
2025-09-30T23:52:06.085+0400: [GC (Allocation Failure) 1523M->1320M(4096M), 0.046 secs]
2025-09-30T23:52:06.085+0400: [GC (Allocation Failure) 1523M->1284M(4096M), 0.087 secs]
2025-09-30T23:52:07.094+0400: [Full GC (System.gc()) 1583M->516M(4096M), 0.164 secs]
2025-09-30T23:52:08.110+0400: [GC (Allocation Failure) 1645M->1462M(4096M), 0.049 secs]
2025-09-30T23:52:08.110+0400: [GC (Concurrent Cycle) 1645M->558M(4096M), 0.143 secs]
2025-09-30T23:52:08.615+0400: [GC (Allocation Failure) 1675M->1482M(4096M), 0.008 secs]
2025-09-30T23:52:09.120+0400: [GC (Allocation Failure) 1705M->1458M(4096M), 0.031 secs]
2025-09-30T23:52:09.121+0400: [GC (Concurrent Cycle) 1705M->981M(4096M), 0.050 secs]
2025-09-30T23:52:09.630+0400: [GC (Allocation Failure) 1735M->1574M(4096M), 0.003 secs]
2025-09-30T23:52:10.137+0400: [GC (Allocation Failure) 1765M->1560M(4096M), 0.034 secs]
2025-09-30T23:52:10.138+0400: [GC (Concurrent Cycle) 1765M->974M(4096M), 0.164 secs]
2025-09-30T23:52:10.647+0400: [GC (Allocation Failure) 1797M->1603M(4096M), 0.023 secs]
2025-09-30T23:52:11.157+0400: [Full GC (System.gc()) 1827M->1154M(4096M), 0.428 secs]
2025-09-30T23:52:11.158+0400: [GC (Concurrent Cycle) 1827M->705M(4096M), 0.153 secs]
2025-09-30T23:52:11.173+0400: [System.gc() (Allocation Failure) 1827M->1522M(4096M), 0.015 secs]
2025-09-30T23:52:12.185+0400: [GC (Allocation Failure) 1581M->1381M(4096M), 0.008 secs]
2025-09-30T23:52:13.203+0400: [GC (Allocation Failure) 1643M->1531M(4096M), 0.004 secs]
2025-09-30T23:52:13.204+0400: [GC (Concurrent Cycle) 1643M->967M(4096M), 0.060 secs]
2025-09-30T23:52:13.714+0400: [Full GC (System.gc()) 1673M->979M(4096M), 0.360 secs]
2025-09-30T23:52:14.227+0400: [GC (Allocation Failure) 1703M->1600M(4096M), 0.042 secs]
2025-09-30T23:52:14.227+0400: [GC (Concurrent Cycle) 1703M->783M(4096M), 0.078 secs]
2025-09-30T23:52:14.737+0400: [GC (Allocation Failure) 1735M->1590M(4096M), 0.045 secs]
2025-09-30T23:52:15.246+0400: [GC (Allocation Failure) 1765M->1641M(4096M), 0.044 secs]
2025-09-30T23:52:15.247+0400: [GC (Concurrent Cycle) 1765M->605M(4096M), 0.050 secs]
2025-09-30T23:52:15.756+0400: [GC (Allocation Failure) 1795M->1679M(4096M), 0.014 secs]
2025-09-30T23:52:16.266+0400: [GC (Allocation Failure) 1825M->1632M(4096M), 0.044 secs]
2025-09-30T23:52:16.267+0400: [GC (Concurrent Cycle) 1825M->1074M(4096M), 0.083 secs]
2025-09-30T23:52:16.775+0400: [GC (Allocation Failure) 1855M->1654M(4096M), 0.044 secs]
2025-09-30T23:52:17.285+0400: [Full GC (System.gc()) 1887M->1255M(4096M), 0.125 secs]
2025-09-30T23:52:17.286+0400: [GC (Concurrent Cycle) 1887M->1238M(4096M), 0.099 secs]
2025-09-30T23:52:17.796+0400: [GC (Allocation Failure) 1917M->1687M(4096M), 0.019 secs]
2025-09-30T23:52:18.302+0400: [GC (Allocation Failure) 1947M->1840M(4096M), 0.032 secs]
2025-09-30T23:52:18.303+0400: [GC (Concurrent Cycle) 1947M->1221M(4096M), 0.199 secs]
2025-09-30T23:52:18.813+0400: [Full GC (System.gc()) 1977M->1228M(4096M), 0.291 secs]
2025-09-30T23:52:18.832+0400: [System.gc() (Allocation Failure) 1977M->1672M(4096M), 0.019 secs]
2025-09-30T23:52:19.340+0400: [GC (Allocation Failure) 1702M->1541M(4096M), 0.041 secs]
2025-09-30T23:52:19.341+0400: [GC (Concurrent Cycle) 1702M->865M(4096M), 0.184 secs]
2025-09-30T23:52:19.848+0400: [GC (Allocation Failure) 1731M->1528M(4096M), 0.048 secs]
2025-09-30T23:52:20.351+0400: [GC (Allocation Failure) 1761M->1513M(4096M), 0.030 secs]
2025-09-30T23:52:20.351+0400: [GC (Concurrent Cycle) 1761M->732M(4096M), 0.050 secs]
2025-09-30T23:52:20.858+0400: [GC (Allocation Failure) 1791M->1679M(4096M), 0.012 secs]
2025-09-30T23:52:21.363+0400: [GC (Allocation Failure) 1823M->1724M(4096M), 0.036 secs]
2025-09-30T23:52:21.364+0400: [GC (Concurrent Cycle) 1823M->626M(4096M), 0.178 secs]
2025-09-30T23:52:21.865+0400: [GC (Allocation Failure) 1853M->1716M(4096M), 0.006 secs]
2025-09-30T23:52:22.371+0400: [Full GC (System.gc()) 1883M->1336M(4096M), 0.315 secs]
2025-09-30T23:52:22.372+0400: [GC (Concurrent Cycle) 1883M->1103M(4096M), 0.116 secs]
2025-09-30T23:52:22.879+0400: [GC (Allocation Failure) 1913M->1808M(4096M), 0.007 secs]
2025-09-30T23:52:23.387+0400: [GC (Allocation Failure) 1945M->1676M(4096M), 0.024 secs]
2025-09-30T23:52:23.388+0400: [GC (Concurrent Cycle) 1945M->914M(4096M), 0.134 secs]
2025-09-30T23:52:23.892+0400: [Full GC (System.gc()) 1975M->1068M(4096M), 0.100 secs]
2025-09-30T23:52:24.401+0400: [GC (Allocation Failure) 2005M->1839M(4096M), 0.017 secs]
2025-09-30T23:52:24.402+0400: [GC (Concurrent Cycle) 2005M->1064M(4096M), 0.056 secs]
2025-09-30T23:52:24.909+0400: [GC (Allocation Failure) 2035M->1826M(4096M), 0.036 secs]
2025-09-30T23:52:25.418+0400: [GC (Allocation Failure) 2065M->1923M(4096M), 0.019 secs]
2025-09-30T23:52:25.419+0400: [GC (Concurrent Cycle) 2065M->1069M(4096M), 0.199 secs]
2025-09-30T23:52:25.929+0400: [GC (Allocation Failure) 2095M->1791M(4096M), 0.021 secs]
2025-09-30T23:52:26.441+0400: [GC (Allocation Failure) 2127M->1852M(4096M), 0.028 secs]
2025-09-30T23:52:26.441+0400: [GC (Concurrent Cycle) 2127M->1070M(4096M), 0.199 secs]
2025-09-30T23:52:26.460+0400: [System.gc() (Allocation Failure) 2127M->1822M(4096M), 0.017 secs]
2025-09-30T23:52:26.971+0400: [GC (Allocation Failure) 1853M->1578M(4096M), 0.013 secs]
2025-09-30T23:52:27.478+0400: [Full GC (System.gc()) 1882M->768M(4096M), 0.302 secs]
2025-09-30T23:52:27.479+0400: [GC (Concurrent Cycle) 1882M->1154M(4096M), 0.050 secs]
2025-09-30T23:52:27.985+0400: [GC (Allocation Failure) 1912M->1702M(4096M), 0.002 secs]
2025-09-30T23:52:28.491+0400: [GC (Allocation Failure) 1942M->1706M(4096M), 0.019 secs]
2025-09-30T23:52:28.492+0400: [GC (Concurrent Cycle) 1942M->779M(4096M), 0.195 secs]
2025-09-30T23:52:28.997+0400: [Full GC (System.gc()) 1974M->867M(4096M), 0.420 secs]
2025-09-30T23:52:29.502+0400: [GC (Allocation Failure) 2004M->1884M(4096M), 0.020 secs]
2025-09-30T23:52:29.503+0400: [GC (Concurrent Cycle) 2004M->943M(4096M), 0.074 secs]
2025-09-30T23:52:30.010+0400: [GC (Allocation Failure) 2034M->1751M(4096M), 0.008 secs]
2025-09-30T23:52:30.518+0400: [GC (Allocation Failure) 2064M->1763M(4096M), 0.002 secs]
2025-09-30T23:52:30.519+0400: [GC (Concurrent Cycle) 2064M->1026M(4096M), 0.063 secs]
2025-09-30T23:52:31.027+0400: [GC (Allocation Failure) 2094M->1884M(4096M), 0.036 secs]
2025-09-30T23:52:31.532+0400: [GC (Allocation Failure) 2126M->1969M(4096M), 0.023 secs]
2025-09-30T23:52:31.533+0400: [GC (Concurrent Cycle) 2126M->1119M(4096M), 0.196 secs]
2025-09-30T23:52:32.040+0400: [GC (Allocation Failure) 2156M->1976M(4096M), 0.045 secs]
2025-09-30T23:52:32.549+0400: [Full GC (System.gc()) 2186M->836M(4096M), 0.447 secs]
2025-09-30T23:52:32.550+0400: [GC (Concurrent Cycle) 2186M->749M(4096M), 0.198 secs]
2025-09-30T23:52:33.054+0400: [GC (Allocation Failure) 2218M->2065M(4096M), 0.007 secs]
2025-09-30T23:52:33.562+0400: [GC (Allocation Failure) 2248M->1924M(4096M), 0.040 secs]
2025-09-30T23:52:33.564+0400: [GC (Concurrent Cycle) 2248M->1144M(4096M), 0.050 secs]
2025-09-30T23:52:34.072+0400: [Full GC (System.gc()) 2278M->1294M(4096M), 0.308 secs]
2025-09-30T23:52:34.090+0400: [System.gc() (Allocation Failure) 2278M->1972M(4096M), 0.018 secs]
2025-09-30T23:52:34.602+0400: [GC (Allocation Failure) 2003M->1780M(4096M), 0.049 secs]
2025-09-30T23:52:34.603+0400: [GC (Concurrent Cycle) 2003M->1015M(4096M), 0.166 secs]
2025-09-30T23:52:35.110+0400: [GC (Allocation Failure) 2031M->1810M(4096M), 0.008 secs]
2025-09-30T23:52:35.616+0400: [GC (Allocation Failure) 2063M->1873M(4096M), 0.030 secs]
2025-09-30T23:52:35.617+0400: [GC (Concurrent Cycle) 2063M->942M(4096M), 0.152 secs]
2025-09-30T23:52:36.123+0400: [GC (Allocation Failure) 2093M->1950M(4096M), 0.040 secs]
2025-09-30T23:52:36.630+0400: [GC (Allocation Failure) 2123M->1822M(4096M), 0.033 secs]
2025-09-30T23:52:36.631+0400: [GC (Concurrent Cycle) 2123M->1326M(4096M), 0.104 secs]
2025-09-30T23:52:37.133+0400: [GC (Allocation Failure) 2153M->1870M(4096M), 0.005 secs]
2025-09-30T23:52:37.635+0400: [Full GC (System.gc()) 2185M->1432M(4096M), 0.201 secs]
2025-09-30T23:52:37.635+0400: [GC (Concurrent Cycle) 2185M->985M(4096M), 0.115 secs]
2025-09-30T23:52:38.144+0400: [GC (Allocation Failure) 2215M->2071M(4096M), 0.027 secs]
2025-09-30T23:52:38.654+0400: [GC (Allocation Failure) 2245M->2087M(4096M), 0.025 secs]
2025-09-30T23:52:38.655+0400: [GC (Concurrent Cycle) 2245M->1335M(4096M), 0.050 secs]
2025-09-30T23:52:39.163+0400: [Full GC (System.gc()) 2277M->1410M(4096M), 0.198 secs]
2025-09-30T23:52:39.674+0400: [GC (Allocation Failure) 2307M->1979M(4096M), 0.019 secs]
2025-09-30T23:52:39.675+0400: [GC (Concurrent Cycle) 2307M->797M(4096M), 0.147 secs]
2025-09-30T23:52:40.184+0400: [GC (Allocation Failure) 2337M->2134M(4096M), 0.003 secs]
2025-09-30T23:52:40.699+0400: [GC (Allocation Failure) 2369M->2208M(4096M), 0.030 secs]
2025-09-30T23:52:40.699+0400: [GC (Concurrent Cycle) 2369M->1554M(4096M), 0.142 secs]
2025-09-30T23:52:41.214+0400: [GC (Allocation Failure) 2399M->2199M(4096M), 0.040 secs]
2025-09-30T23:52:41.720+0400: [GC (Allocation Failure) 2431M->2132M(4096M), 0.027 secs]
2025-09-30T23:52:41.720+0400: [GC (Concurrent Cycle) 2431M->853M(4096M), 0.105 secs]
2025-09-30T23:52:41.739+0400: [System.gc() (Allocation Failure) 2431M->2122M(4096M), 0.019 secs]
2025-09-30T23:52:42.254+0400: [GC (Allocation Failure) 2153M->1896M(4096M), 0.049 secs]
2025-09-30T23:52:42.758+0400: [Full GC (System.gc()) 2181M->1139M(4096M), 0.185 secs]
2025-09-30T23:52:42.758+0400: [GC (Concurrent Cycle) 2181M->1312M(4096M), 0.137 secs]
2025-09-30T23:52:43.267+0400: [GC (Allocation Failure) 2213M->1944M(4096M), 0.026 secs]
2025-09-30T23:52:43.773+0400: [GC (Allocation Failure) 2243M->2085M(4096M), 0.040 secs]
2025-09-30T23:52:43.774+0400: [GC (Concurrent Cycle) 2243M->1289M(4096M), 0.198 secs]
2025-09-30T23:52:44.285+0400: [Full GC (System.gc()) 2273M->1515M(4096M), 0.304 secs]
2025-09-30T23:52:44.796+0400: [GC (Allocation Failure) 2305M->2014M(4096M), 0.025 secs]
2025-09-30T23:52:44.797+0400: [GC (Concurrent Cycle) 2305M->1064M(4096M), 0.137 secs]
2025-09-30T23:52:45.302+0400: [GC (Allocation Failure) 2335M->2176M(4096M), 0.047 secs]
2025-09-30T23:52:45.808+0400: [GC (Allocation Failure) 2365M->2131M(4096M), 0.037 secs]
2025-09-30T23:52:45.809+0400: [GC (Concurrent Cycle) 2365M->1224M(4096M), 0.152 secs]
2025-09-30T23:52:46.319+0400: [GC (Allocation Failure) 2395M->2173M(4096M), 0.023 secs]
2025-09-30T23:52:46.823+0400: [GC (Allocation Failure) 2425M->2196M(4096M), 0.045 secs]
2025-09-30T23:52:46.824+0400: [GC (Concurrent Cycle) 2425M->1460M(4096M), 0.064 secs]
2025-09-30T23:52:47.333+0400: [GC (Allocation Failure) 2457M->2331M(4096M), 0.033 secs]
2025-09-30T23:52:47.841+0400: [Full GC (System.gc()) 2487M->1265M(4096M), 0.442 secs]
2025-09-30T23:52:47.841+0400: [GC (Concurrent Cycle) 2487M->1288M(4096M), 0.199 secs]
2025-09-30T23:52:48.351+0400: [GC (Allocation Failure) 2519M->2333M(4096M), 0.035 secs]
2025-09-30T23:52:48.859+0400: [GC (Allocation Failure) 2549M->2190M(4096M), 0.007 secs]
2025-09-30T23:52:48.859+0400: [GC (Concurrent Cycle) 2549M->1239M(4096M), 0.050 secs]
2025-09-30T23:52:49.366+0400: [Full GC (System.gc()) 2579M->1248M(4096M), 0.220 secs]
2025-09-30T23:52:49.386+0400: [System.gc() (Allocation Failure) 2579M->2272M(4096M), 0.020 secs]
2025-09-30T23:52:49.900+0400: [GC (Allocation Failure) 2303M->2095M(4096M), 0.034 secs]
2025-09-30T23:52:49.901+0400: [GC (Concurrent Cycle) 2303M->1219M(4096M), 0.087 secs]
2025-09-30T23:52:50.410+0400: [GC (Allocation Failure) 2330M->2186M(4096M), 0.046 secs]
2025-09-30T23:52:50.912+0400: [GC (Allocation Failure) 2360M->2211M(4096M), 0.022 secs]
2025-09-30T23:52:50.913+0400: [GC (Concurrent Cycle) 2360M->979M(4096M), 0.050 secs]
2025-09-30T23:52:51.423+0400: [GC (Allocation Failure) 2390M->2110M(4096M), 0.047 secs]
2025-09-30T23:52:51.931+0400: [GC (Allocation Failure) 2422M->2122M(4096M), 0.047 secs]
2025-09-30T23:52:51.931+0400: [GC (Concurrent Cycle) 2422M->1205M(4096M), 0.112 secs]
2025-09-30T23:52:52.435+0400: [GC (Allocation Failure) 2452M->2189M(4096M), 0.010 secs]
2025-09-30T23:52:52.938+0400: [Full GC (System.gc()) 2482M->1418M(4096M), 0.494 secs]
2025-09-30T23:52:52.939+0400: [GC (Concurrent Cycle) 2482M->925M(4096M), 0.116 secs]
2025-09-30T23:52:53.446+0400: [GC (Allocation Failure) 2514M->2207M(4096M), 0.042 secs]
2025-09-30T23:52:53.955+0400: [GC (Allocation Failure) 2544M->2287M(4096M), 0.042 secs]
2025-09-30T23:52:53.955+0400: [GC (Concurrent Cycle) 2544M->1314M(4096M), 0.050 secs]
2025-09-30T23:52:54.465+0400: [Full GC (System.gc()) 2574M->884M(4096M), 0.249 secs]
2025-09-30T23:52:54.972+0400: [GC (Allocation Failure) 2606M->2371M(4096M), 0.010 secs]
2025-09-30T23:52:54.972+0400: [GC (Concurrent Cycle) 2606M->1714M(4096M), 0.050 secs]
2025-09-30T23:52:55.481+0400: [GC (Allocation Failure) 2636M->2333M(4096M), 0.016 secs]
2025-09-30T23:52:55.992+0400: [GC (Allocation Failure) 2666M->2392M(4096M), 0.024 secs]
2025-09-30T23:52:55.993+0400: [GC (Concurrent Cycle) 2666M->1351M(4096M), 0.050 secs]
2025-09-30T23:52:56.501+0400: [GC (Allocation Failure) 2696M->2512M(4096M), 0.019 secs]
2025-09-30T23:52:57.011+0400: [GC (Allocation Failure) 2726M->2405M(4096M), 0.042 secs]
2025-09-30T23:52:57.012+0400: [GC (Concurrent Cycle) 2726M->1785M(4096M), 0.050 secs]
2025-09-30T23:52:57.030+0400: [System.gc() (Allocation Failure) 2726M->2422M(4096M), 0.018 secs]
2025-09-30T23:52:57.539+0400: [GC (Allocation Failure) 2453M->2247M(4096M), 0.038 secs]
2025-09-30T23:52:58.045+0400: [Full GC (System.gc()) 2481M->1661M(4096M), 0.347 secs]
2025-09-30T23:52:58.046+0400: [GC (Concurrent Cycle) 2481M->983M(4096M), 0.050 secs]
2025-09-30T23:52:58.552+0400: [GC (Allocation Failure) 2513M->2327M(4096M), 0.009 secs]
2025-09-30T23:52:59.059+0400: [GC (Allocation Failure) 2543M->2177M(4096M), 0.019 secs]
2025-09-30T23:52:59.059+0400: [GC (Concurrent Cycle) 2543M->1652M(4096M), 0.061 secs]
2025-09-30T23:52:59.571+0400: [Full GC (System.gc()) 2575M->1438M(4096M), 0.364 secs]
2025-09-30T23:53:00.081+0400: [GC (Allocation Failure) 2605M->2312M(4096M), 0.004 secs]
2025-09-30T23:53:00.082+0400: [GC (Concurrent Cycle) 2605M->1381M(4096M), 0.128 secs]
2025-09-30T23:53:00.599+0400: [GC (Allocation Failure) 2635M->2390M(4096M), 0.002 secs]
2025-09-30T23:53:01.109+0400: [GC (Allocation Failure) 2665M->2458M(4096M), 0.041 secs]
2025-09-30T23:53:01.110+0400: [GC (Concurrent Cycle) 2665M->1359M(4096M), 0.112 secs]
2025-09-30T23:53:01.619+0400: [GC (Allocation Failure) 2697M->2465M(4096M), 0.047 secs]
2025-09-30T23:53:02.128+0400: [GC (Allocation Failure) 2727M->2558M(4096M), 0.027 secs]
2025-09-30T23:53:02.129+0400: [GC (Concurrent Cycle) 2727M->1400M(4096M), 0.075 secs]
2025-09-30T23:53:02.635+0400: [GC (Allocation Failure) 2757M->2595M(4096M), 0.042 secs]
2025-09-30T23:53:03.141+0400: [Full GC (System.gc()) 2789M->1846M(4096M), 0.207 secs]
2025-09-30T23:53:03.142+0400: [GC (Concurrent Cycle) 2789M->1057M(4096M), 0.050 secs]
2025-09-30T23:53:03.647+0400: [GC (Allocation Failure) 2819M->2622M(4096M), 0.018 secs]
2025-09-30T23:53:04.154+0400: [GC (Allocation Failure) 2849M->2533M(4096M), 0.049 secs]
2025-09-30T23:53:04.154+0400: [GC (Concurrent Cycle) 2849M->1483M(4096M), 0.091 secs]
2025-09-30T23:53:04.663+0400: [Full GC (System.gc()) 2879M->751M(4096M), 0.473 secs]
2025-09-30T23:53:04.680+0400: [System.gc() (Allocation Failure) 2879M->2572M(4096M), 0.017 secs]
2025-09-30T23:53:05.190+0400: [GC (Allocation Failure) 2603M->2409M(4096M), 0.024 secs]
2025-09-30T23:53:05.191+0400: [GC (Concurrent Cycle) 2603M->1047M(4096M), 0.050 secs]
2025-09-30T23:53:05.694+0400: [GC (Allocation Failure) 2631M->2295M(4096M), 0.033 secs]
2025-09-30T23:53:06.199+0400: [GC (Allocation Failure) 2661M->2366M(4096M), 0.011 secs]
2025-09-30T23:53:06.199+0400: [GC (Concurrent Cycle) 2661M->1215M(4096M), 0.101 secs]
2025-09-30T23:53:06.704+0400: [GC (Allocation Failure) 2691M->2468M(4096M), 0.004 secs]
2025-09-30T23:53:07.208+0400: [GC (Allocation Failure) 2721M->2541M(4096M), 0.015 secs]
2025-09-30T23:53:07.208+0400: [GC (Concurrent Cycle) 2721M->1008M(4096M), 0.144 secs]
2025-09-30T23:53:07.712+0400: [GC (Allocation Failure) 2751M->2339M(4096M), 0.018 secs]
2025-09-30T23:53:08.215+0400: [Full GC (System.gc()) 2781M->1127M(4096M), 0.467 secs]
2025-09-30T23:53:08.216+0400: [GC (Concurrent Cycle) 2781M->1030M(4096M), 0.054 secs]
2025-09-30T23:53:08.723+0400: [GC (Allocation Failure) 2813M->2592M(4096M), 0.018 secs]
2025-09-30T23:53:09.231+0400: [GC (Allocation Failure) 2843M->2647M(4096M), 0.048 secs]
2025-09-30T23:53:09.232+0400: [GC (Concurrent Cycle) 2843M->1156M(4096M), 0.156 secs]
2025-09-30T23:53:09.739+0400: [Full GC (System.gc()) 2873M->2142M(4096M), 0.444 secs]
2025-09-30T23:53:10.241+0400: [GC (Allocation Failure) 2931M->2515M(4096M), 0.008 secs]
2025-09-30T23:53:10.242+0400: [GC (Concurrent Cycle) 2931M->1697M(4096M), 0.176 secs]
2025-09-30T23:53:10.748+0400: [GC (Allocation Failure) 2961M->2793M(4096M), 0.019 secs]
2025-09-30T23:53:11.264+0400: [System.gc() (Allocation Failure) 2987M->7M(4096M), 0.011 secs]
2025-09-30T23:53:50.538+0400: [GC (Allocation Failure) 24M->409M(4096M), 0.014 secs]
2025-09-30T23:53:51.549+0400: [Full GC (System.gc()) 38M->409M(4096M), 0.249 secs]
2025-09-30T23:53:52.056+0400: [GC (Allocation Failure) 40M->409M(4096M), 0.003 secs]
2025-09-30T23:53:52.561+0400: [GC (Allocation Failure) 42M->409M(4096M), 0.003 secs]
2025-09-30T23:53:53.570+0400: [GC (Allocation Failure) 46M->409M(4096M), 0.005 secs]
2025-09-30T23:53:54.579+0400: [GC (Allocation Failure) 68M->409M(4096M), 0.016 secs]
2025-09-30T23:53:54.580+0400: [Full GC (System.gc()) 68M->409M(4096M), 0.129 secs]
2025-09-30T23:53:55.591+0400: [GC (Allocation Failure) 53M->409M(4096M), 0.007 secs]
2025-09-30T23:53:56.602+0400: [GC (Allocation Failure) 47M->409M(4096M), 0.024 secs]
2025-09-30T23:53:57.108+0400: [GC (Allocation Failure) 55M->409M(4096M), 0.016 secs]
2025-09-30T23:53:57.126+0400: [System.gc() (Allocation Failure) 55M->22M(4096M), 0.017 secs]
2025-09-30T23:53:57.631+0400: [GC (Allocation Failure) 30M->409M(4096M), 0.011 secs]
2025-09-30T23:53:58.635+0400: [Full GC (System.gc()) 40M->409M(4096M), 0.205 secs]
2025-09-30T23:53:59.642+0400: [GC (Allocation Failure) 59M->409M(4096M), 0.005 secs]
2025-09-30T23:53:59.643+0400: [GC (Allocation Failure) 59M->409M(4096M), 0.047 secs]
2025-09-30T23:54:00.652+0400: [GC (Allocation Failure) 77M->409M(4096M), 0.021 secs]
2025-09-30T23:54:01.663+0400: [GC (Allocation Failure) 76M->409M(4096M), 0.008 secs]
2025-09-30T23:54:02.171+0400: [Full GC (System.gc()) 83M->409M(4096M), 0.270 secs]
2025-09-30T23:54:02.677+0400: [GC (Allocation Failure) 77M->409M(4096M), 0.014 secs]
2025-09-30T23:54:03.685+0400: [GC (Allocation Failure) 83M->409M(4096M), 0.023 secs]
2025-09-30T23:54:04.694+0400: [GC (Allocation Failure) 95M->409M(4096M), 0.005 secs]
2025-09-30T23:54:04.695+0400: [GC (Allocation Failure) 95M->409M(4096M), 0.021 secs]
2025-09-30T23:54:04.710+0400: [System.gc() (Allocation Failure) 95M->32M(4096M), 0.015 secs]
2025-09-30T23:54:05.719+0400: [Full GC (System.gc()) 52M->409M(4096M), 0.109 secs]
2025-09-30T23:54:06.722+0400: [GC (Allocation Failure) 56M->409M(4096M), 0.036 secs]
2025-09-30T23:54:07.228+0400: [GC (Allocation Failure) 68M->409M(4096M), 0.004 secs]
2025-09-30T23:54:07.734+0400: [GC (Allocation Failure) 66M->409M(4096M), 0.014 secs]
2025-09-30T23:54:08.744+0400: [GC (Allocation Failure) 75M->409M(4096M), 0.029 secs]
2025-09-30T23:54:09.754+0400: [Full GC (System.gc()) 94M->409M(4096M), 0.282 secs]
2025-09-30T23:54:09.754+0400: [GC (Allocation Failure) 94M->409M(4096M), 0.024 secs]
2025-09-30T23:54:10.763+0400: [GC (Allocation Failure) 101M->409M(4096M), 0.018 secs]
2025-09-30T23:54:11.769+0400: [GC (Allocation Failure) 114M->409M(4096M), 0.004 secs]
2025-09-30T23:54:12.276+0400: [GC (Allocation Failure) 121M->409M(4096M), 0.002 secs]
2025-09-30T23:54:12.292+0400: [System.gc() (Allocation Failure) 121M->41M(4096M), 0.015 secs]
2025-09-30T23:54:12.797+0400: [Full GC (System.gc()) 49M->409M(4096M), 0.172 secs]
2025-09-30T23:54:13.807+0400: [GC (Allocation Failure) 71M->409M(4096M), 0.018 secs]
2025-09-30T23:54:14.819+0400: [GC (Allocation Failure) 95M->409M(4096M), 0.002 secs]
2025-09-30T23:54:14.820+0400: [GC (Allocation Failure) 95M->409M(4096M), 0.034 secs]
2025-09-30T23:54:15.825+0400: [GC (Allocation Failure) 116M->409M(4096M), 0.024 secs]
2025-09-30T23:54:16.838+0400: [Full GC (System.gc()) 128M->409M(4096M), 0.165 secs]
2025-09-30T23:54:17.344+0400: [GC (Allocation Failure) 135M->409M(4096M), 0.042 secs]
2025-09-30T23:54:17.850+0400: [GC (Allocation Failure) 147M->409M(4096M), 0.019 secs]
2025-09-30T23:54:18.857+0400: [GC (Allocation Failure) 134M->409M(4096M), 0.018 secs]
2025-09-30T23:54:19.863+0400: [GC (Allocation Failure) 156M->409M(4096M), 0.028 secs]
2025-09-30T23:54:19.863+0400: [Full GC (System.gc()) 156M->409M(4096M), 0.156 secs]
2025-09-30T23:54:19.874+0400: [System.gc() (Allocation Failure) 156M->50M(4096M), 0.010 secs]
2025-09-30T23:54:20.885+0400: [GC (Allocation Failure) 70M->409M(4096M), 0.023 secs]
2025-09-30T23:54:21.892+0400: [GC (Allocation Failure) 92M->409M(4096M), 0.008 secs]
2025-09-30T23:54:22.397+0400: [GC (Allocation Failure) 73M->409M(4096M), 0.008 secs]
2025-09-30T23:54:22.903+0400: [GC (Allocation Failure) 85M->409M(4096M), 0.014 secs]
2025-09-30T23:54:23.910+0400: [Full GC (System.gc()) 107M->409M(4096M), 0.168 secs]
2025-09-30T23:54:24.916+0400: [GC (Allocation Failure) 101M->409M(4096M), 0.015 secs]
2025-09-30T23:54:24.917+0400: [GC (Allocation Failure) 101M->409M(4096M), 0.005 secs]
2025-09-30T23:54:25.924+0400: [GC (Allocation Failure) 123M->409M(4096M), 0.023 secs]
2025-09-30T23:54:26.932+0400: [GC (Allocation Failure) 122M->409M(4096M), 0.003 secs]
2025-09-30T23:54:27.436+0400: [Full GC (System.gc()) 134M->409M(4096M), 0.172 secs]
2025-09-30T23:54:27.452+0400: [System.gc() (Allocation Failure) 134M->60M(4096M), 0.015 secs]
2025-09-30T23:54:27.957+0400: [GC (Allocation Failure) 68M->409M(4096M), 0.043 secs]
2025-09-30T23:54:28.966+0400: [GC (Allocation Failure) 92M->409M(4096M), 0.009 secs]
2025-09-30T23:54:29.972+0400: [GC (Allocation Failure) 75M->409M(4096M), 0.012 secs]
2025-09-30T23:54:29.973+0400: [GC (Allocation Failure) 75M->409M(4096M), 0.042 secs]
2025-09-30T23:54:30.982+0400: [Full GC (System.gc()) 97M->409M(4096M), 0.236 secs]
2025-09-30T23:54:31.993+0400: [GC (Allocation Failure) 119M->409M(4096M), 0.003 secs]
2025-09-30T23:54:32.494+0400: [GC (Allocation Failure) 96M->409M(4096M), 0.005 secs]
2025-09-30T23:54:33.000+0400: [GC (Allocation Failure) 110M->409M(4096M), 0.005 secs]
2025-09-30T23:54:34.004+0400: [GC (Allocation Failure) 130M->409M(4096M), 0.016 secs]
2025-09-30T23:54:35.013+0400: [Full GC (System.gc()) 126M->409M(4096M), 0.190 secs]
2025-09-30T23:54:35.013+0400: [GC (Allocation Failure) 126M->409M(4096M), 0.008 secs]
2025-09-30T23:54:35.031+0400: [System.gc() (Allocation Failure) 126M->69M(4096M), 0.017 secs]
2025-09-30T23:54:36.036+0400: [GC (Allocation Failure) 89M->409M(4096M), 0.024 secs]
2025-09-30T23:54:37.043+0400: [GC (Allocation Failure) 113M->409M(4096M), 0.039 secs]
2025-09-30T23:54:37.549+0400: [GC (Allocation Failure) 86M->409M(4096M), 0.022 secs]
2025-09-30T23:54:38.053+0400: [Full GC (System.gc()) 98M->409M(4096M), 0.172 secs]
2025-09-30T23:54:39.060+0400: [GC (Allocation Failure) 120M->409M(4096M), 0.030 secs]
2025-09-30T23:54:40.071+0400: [GC (Allocation Failure) 133M->409M(4096M), 0.007 secs]
2025-09-30T23:54:40.071+0400: [GC (Allocation Failure) 133M->409M(4096M), 0.006 secs]
2025-09-30T23:54:41.077+0400: [GC (Allocation Failure) 143M->409M(4096M), 0.024 secs]
2025-09-30T23:54:42.085+0400: [Full GC (System.gc()) 159M->409M(4096M), 0.184 secs]
2025-09-30T23:54:42.588+0400: [GC (Allocation Failure) 171M->409M(4096M), 0.013 secs]
2025-09-30T23:54:42.606+0400: [System.gc() (Allocation Failure) 171M->78M(4096M), 0.018 secs]
2025-09-30T23:54:43.112+0400: [GC (Allocation Failure) 86M->409M(4096M), 0.029 secs]
2025-09-30T23:54:44.118+0400: [GC (Allocation Failure) 110M->409M(4096M), 0.017 secs]
2025-09-30T23:54:45.130+0400: [GC (Allocation Failure) 132M->409M(4096M), 0.003 secs]
2025-09-30T23:54:45.131+0400: [Full GC (System.gc()) 132M->409M(4096M), 0.183 secs]
2025-09-30T23:54:46.142+0400: [GC (Allocation Failure) 105M->409M(4096M), 0.022 secs]
2025-09-30T23:54:47.154+0400: [GC (Allocation Failure) 129M->409M(4096M), 0.006 secs]
2025-09-30T23:54:47.659+0400: [GC (Allocation Failure) 141M->409M(4096M), 0.029 secs]
2025-09-30T23:54:48.164+0400: [GC (Allocation Failure) 153M->409M(4096M), 0.008 secs]
2025-09-30T23:54:49.175+0400: [Full GC (System.gc()) 128M->409M(4096M), 0.188 secs]
2025-09-30T23:54:50.186+0400: [GC (Allocation Failure) 150M->409M(4096M), 0.026 secs]
2025-09-30T23:54:50.187+0400: [GC (Allocation Failure) 150M->409M(4096M), 0.002 secs]
2025-09-30T23:54:50.206+0400: [System.gc() (Allocation Failure) 150M->88M(4096M), 0.019 secs]
2025-09-30T23:54:51.216+0400: [GC (Allocation Failure) 108M->409M(4096M), 0.016 secs]
2025-09-30T23:54:52.223+0400: [GC (Allocation Failure) 130M->409M(4096M), 0.028 secs]
2025-09-30T23:54:52.726+0400: [Full GC (System.gc()) 142M->409M(4096M), 0.134 secs]
2025-09-30T23:54:53.232+0400: [GC (Allocation Failure) 154M->409M(4096M), 0.023 secs]
2025-09-30T23:54:54.243+0400: [GC (Allocation Failure) 145M->409M(4096M), 0.012 secs]
2025-09-30T23:54:55.246+0400: [GC (Allocation Failure) 169M->409M(4096M), 0.002 secs]
2025-09-30T23:54:55.247+0400: [GC (Allocation Failure) 169M->409M(4096M), 0.002 secs]
2025-09-30T23:54:56.253+0400: [Full GC (System.gc()) 156M->409M(4096M), 0.238 secs]
2025-09-30T23:54:57.264+0400: [GC (Allocation Failure) 178M->409M(4096M), 0.014 secs]
2025-09-30T23:54:57.770+0400: [GC (Allocation Failure) 165M->409M(4096M), 0.011 secs]
2025-09-30T23:54:57.787+0400: [System.gc() (Allocation Failure) 165M->97M(4096M), 0.016 secs]
2025-09-30T23:54:58.293+0400: [GC (Allocation Failure) 105M->409M(4096M), 0.032 secs]
2025-09-30T23:54:59.302+0400: [GC (Allocation Failure) 127M->409M(4096M), 0.017 secs]
2025-09-30T23:55:00.311+0400: [Full GC (System.gc()) 151M->409M(4096M), 0.230 secs]
2025-09-30T23:55:00.312+0400: [GC (Allocation Failure) 151M->409M(4096M), 0.005 secs]
2025-09-30T23:55:01.322+0400: [GC (Allocation Failure) 136M->409M(4096M), 0.019 secs]
2025-09-30T23:55:02.329+0400: [GC (Allocation Failure) 160M->409M(4096M), 0.008 secs]
2025-09-30T23:55:02.834+0400: [GC (Allocation Failure) 170M->409M(4096M), 0.007 secs]
2025-09-30T23:55:03.336+0400: [Full GC (System.gc()) 147M->409M(4096M), 0.177 secs]
2025-09-30T23:55:04.342+0400: [GC (Allocation Failure) 171M->409M(4096M), 0.021 secs]
2025-09-30T23:55:05.345+0400: [GC (Allocation Failure) 158M->409M(4096M), 0.035 secs]
2025-09-30T23:55:05.345+0400: [GC (Allocation Failure) 158M->409M(4096M), 0.011 secs]
2025-09-30T23:55:05.365+0400: [System.gc() (Allocation Failure) 158M->106M(4096M), 0.019 secs]
2025-09-30T23:55:06.375+0400: [GC (Allocation Failure) 126M->409M(4096M), 0.022 secs]
2025-09-30T23:55:07.382+0400: [Full GC (System.gc()) 150M->409M(4096M), 0.106 secs]
2025-09-30T23:55:07.885+0400: [GC (Allocation Failure) 160M->409M(4096M), 0.002 secs]
2025-09-30T23:55:08.391+0400: [GC (Allocation Failure) 172M->409M(4096M), 0.004 secs]
2025-09-30T23:55:09.397+0400: [GC (Allocation Failure) 153M->409M(4096M), 0.034 secs]
2025-09-30T23:55:10.403+0400: [GC (Allocation Failure) 175M->409M(4096M), 0.002 secs]
2025-09-30T23:55:10.404+0400: [Full GC (System.gc()) 175M->409M(4096M), 0.134 secs]
2025-09-30T23:55:11.411+0400: [GC (Allocation Failure) 159M->409M(4096M), 0.008 secs]
2025-09-30T23:55:12.419+0400: [GC (Allocation Failure) 181M->409M(4096M), 0.018 secs]
2025-09-30T23:55:12.924+0400: [GC (Allocation Failure) 193M->409M(4096M), 0.003 secs]
2025-09-30T23:55:12.944+0400: [System.gc() (Allocation Failure) 193M->116M(4096M), 0.020 secs]
2025-09-30T23:55:13.450+0400: [GC (Allocation Failure) 124M->409M(4096M), 0.005 secs]
2025-09-30T23:55:14.458+0400: [Full GC (System.gc()) 148M->409M(4096M), 0.296 secs]
2025-09-30T23:55:15.465+0400: [GC (Allocation Failure) 170M->409M(4096M), 0.021 secs]
2025-09-30T23:55:15.465+0400: [GC (Allocation Failure) 170M->409M(4096M), 0.006 secs]
2025-09-30T23:55:16.474+0400: [GC (Allocation Failure) 142M->409M(4096M), 0.022 secs]
2025-09-30T23:55:17.480+0400: [GC (Allocation Failure) 164M->409M(4096M), 0.011 secs]
2025-09-30T23:55:17.986+0400: [Full GC (System.gc()) 176M->409M(4096M), 0.249 secs]
2025-09-30T23:55:18.492+0400: [GC (Allocation Failure) 186M->409M(4096M), 0.023 secs]
2025-09-30T23:55:19.496+0400: [GC (Allocation Failure) 174M->409M(4096M), 0.010 secs]
2025-09-30T23:55:20.503+0400: [GC (Allocation Failure) 196M->409M(4096M), 0.039 secs]
2025-09-30T23:55:20.504+0400: [GC (Allocation Failure) 196M->409M(4096M), 0.002 secs]
2025-09-30T23:55:20.525+0400: [System.gc() (Allocation Failure) 196M->125M(4096M), 0.021 secs]
2025-09-30T23:55:21.536+0400: [Full GC (System.gc()) 145M->409M(4096M), 0.150 secs]
2025-09-30T23:55:22.547+0400: [GC (Allocation Failure) 175M->409M(4096M), 0.023 secs]
2025-09-30T23:55:23.047+0400: [GC (Allocation Failure) 187M->409M(4096M), 0.019 secs]
2025-09-30T23:55:23.553+0400: [GC (Allocation Failure) 213M->409M(4096M), 0.009 secs]
2025-09-30T23:55:24.074+0400: [System.gc() (Allocation Failure) 231M->5M(4096M), 0.016 secs]
2025-09-30T23:56:00.193+0400: [GC (Allocation Failure) 123M->409M(4096M), 0.020 secs]
2025-09-30T23:56:01.206+0400: [Full GC (System.gc()) 122M->409M(4096M), 0.146 secs]
2025-09-30T23:56:01.712+0400: [GC (Allocation Failure) 122M->409M(4096M), 0.002 secs]
2025-09-30T23:56:02.219+0400: [GC (Allocation Failure) 10M->409M(4096M), 0.019 secs]
2025-09-30T23:56:03.230+0400: [GC (Allocation Failure) 20M->409M(4096M), 0.010 secs]
2025-09-30T23:56:04.239+0400: [GC (Allocation Failure) 42M->409M(4096M), 0.007 secs]
2025-09-30T23:56:04.239+0400: [Full GC (System.gc()) 42M->409M(4096M), 0.189 secs]
2025-09-30T23:56:05.250+0400: [GC (Allocation Failure) 64M->409M(4096M), 0.009 secs]
2025-09-30T23:56:06.260+0400: [GC (Allocation Failure) 40M->409M(4096M), 0.004 secs]
2025-09-30T23:56:06.764+0400: [GC (Allocation Failure) 44M->409M(4096M), 0.007 secs]
2025-09-30T23:56:06.779+0400: [System.gc() (Allocation Failure) 44M->19M(4096M), 0.014 secs]
2025-09-30T23:56:07.284+0400: [GC (Allocation Failure) 27M->409M(4096M), 0.005 secs]
2025-09-30T23:56:08.289+0400: [Full GC (System.gc()) 49M->409M(4096M), 0.101 secs]
2025-09-30T23:56:09.303+0400: [GC (Allocation Failure) 52M->409M(4096M), 0.013 secs]
2025-09-30T23:56:09.303+0400: [GC (Allocation Failure) 52M->409M(4096M), 0.006 secs]
2025-09-30T23:56:10.307+0400: [GC (Allocation Failure) 68M->409M(4096M), 0.011 secs]
2025-09-30T23:56:11.314+0400: [GC (Allocation Failure) 72M->409M(4096M), 0.009 secs]
2025-09-30T23:56:11.819+0400: [Full GC (System.gc()) 76M->409M(4096M), 0.155 secs]
2025-09-30T23:56:12.321+0400: [GC (Allocation Failure) 79M->409M(4096M), 0.003 secs]
2025-09-30T23:56:13.326+0400: [GC (Allocation Failure) 81M->409M(4096M), 0.010 secs]
2025-09-30T23:56:14.334+0400: [GC (Allocation Failure) 93M->409M(4096M), 0.005 secs]
2025-09-30T23:56:14.334+0400: [GC (Allocation Failure) 93M->409M(4096M), 0.011 secs]
2025-09-30T23:56:14.351+0400: [System.gc() (Allocation Failure) 93M->31M(4096M), 0.017 secs]
2025-09-30T23:56:15.357+0400: [Full GC (System.gc()) 51M->409M(4096M), 0.112 secs]
2025-09-30T23:56:16.365+0400: [GC (Allocation Failure) 60M->409M(4096M), 0.006 secs]
2025-09-30T23:56:16.870+0400: [GC (Allocation Failure) 61M->409M(4096M), 0.007 secs]
2025-09-30T23:56:17.376+0400: [GC (Allocation Failure) 71M->409M(4096M), 0.014 secs]
2025-09-30T23:56:18.386+0400: [GC (Allocation Failure) 81M->409M(4096M), 0.007 secs]
2025-09-30T23:56:19.392+0400: [Full GC (System.gc()) 96M->409M(4096M), 0.152 secs]
2025-09-30T23:56:19.392+0400: [GC (Allocation Failure) 96M->409M(4096M), 0.005 secs]
2025-09-30T23:56:20.403+0400: [GC (Allocation Failure) 105M->409M(4096M), 0.002 secs]
2025-09-30T23:56:21.410+0400: [GC (Allocation Failure) 112M->409M(4096M), 0.008 secs]
2025-09-30T23:56:21.916+0400: [GC (Allocation Failure) 110M->409M(4096M), 0.014 secs]
2025-09-30T23:56:21.934+0400: [System.gc() (Allocation Failure) 110M->41M(4096M), 0.018 secs]
2025-09-30T23:56:22.436+0400: [Full GC (System.gc()) 49M->409M(4096M), 0.129 secs]
2025-09-30T23:56:23.448+0400: [GC (Allocation Failure) 71M->409M(4096M), 0.003 secs]
2025-09-30T23:56:24.458+0400: [GC (Allocation Failure) 91M->409M(4096M), 0.005 secs]
2025-09-30T23:56:24.459+0400: [GC (Allocation Failure) 91M->409M(4096M), 0.009 secs]
2025-09-30T23:56:25.463+0400: [GC (Allocation Failure) 105M->409M(4096M), 0.002 secs]
2025-09-30T23:56:26.470+0400: [Full GC (System.gc()) 116M->409M(4096M), 0.112 secs]
2025-09-30T23:56:26.973+0400: [GC (Allocation Failure) 130M->409M(4096M), 0.011 secs]
2025-09-30T23:56:27.479+0400: [GC (Allocation Failure) 140M->409M(4096M), 0.004 secs]
2025-09-30T23:56:28.489+0400: [GC (Allocation Failure) 132M->409M(4096M), 0.010 secs]
2025-09-30T23:56:29.500+0400: [GC (Allocation Failure) 137M->409M(4096M), 0.006 secs]
2025-09-30T23:56:29.500+0400: [Full GC (System.gc()) 137M->409M(4096M), 0.140 secs]
2025-09-30T23:56:29.517+0400: [System.gc() (Allocation Failure) 137M->50M(4096M), 0.017 secs]
2025-09-30T23:56:30.526+0400: [GC (Allocation Failure) 70M->409M(4096M), 0.023 secs]
2025-09-30T23:56:31.536+0400: [GC (Allocation Failure) 92M->409M(4096M), 0.002 secs]
2025-09-30T23:56:32.038+0400: [GC (Allocation Failure) 70M->409M(4096M), 0.011 secs]
2025-09-30T23:56:32.543+0400: [GC (Allocation Failure) 80M->409M(4096M), 0.014 secs]
2025-09-30T23:56:33.547+0400: [Full GC (System.gc()) 104M->409M(4096M), 0.117 secs]
2025-09-30T23:56:34.558+0400: [GC (Allocation Failure) 100M->409M(4096M), 0.002 secs]
2025-09-30T23:56:34.559+0400: [GC (Allocation Failure) 100M->409M(4096M), 0.005 secs]
2025-09-30T23:56:35.569+0400: [GC (Allocation Failure) 120M->409M(4096M), 0.007 secs]
2025-09-30T23:56:36.576+0400: [GC (Allocation Failure) 139M->409M(4096M), 0.010 secs]
2025-09-30T23:56:37.079+0400: [Full GC (System.gc()) 144M->409M(4096M), 0.133 secs]
2025-09-30T23:56:37.087+0400: [System.gc() (Allocation Failure) 144M->59M(4096M), 0.008 secs]
2025-09-30T23:56:37.592+0400: [GC (Allocation Failure) 67M->409M(4096M), 0.007 secs]
2025-09-30T23:56:38.603+0400: [GC (Allocation Failure) 89M->409M(4096M), 0.008 secs]
2025-09-30T23:56:39.613+0400: [GC (Allocation Failure) 111M->409M(4096M), 0.009 secs]
2025-09-30T23:56:39.614+0400: [GC (Allocation Failure) 111M->409M(4096M), 0.011 secs]
2025-09-30T23:56:40.654+0400: [Full GC (System.gc()) 87M->409M(4096M), 0.190 secs]
2025-09-30T23:56:41.658+0400: [GC (Allocation Failure) 107M->409M(4096M), 0.011 secs]
2025-09-30T23:56:42.164+0400: [GC (Allocation Failure) 119M->409M(4096M), 0.008 secs]
2025-09-30T23:56:42.668+0400: [GC (Allocation Failure) 129M->409M(4096M), 0.002 secs]
2025-09-30T23:56:43.676+0400: [GC (Allocation Failure) 113M->409M(4096M), 0.005 secs]
2025-09-30T23:56:44.685+0400: [Full GC (System.gc()) 135M->409M(4096M), 0.191 secs]
2025-09-30T23:56:44.685+0400: [GC (Allocation Failure) 135M->409M(4096M), 0.005 secs]
2025-09-30T23:56:44.705+0400: [System.gc() (Allocation Failure) 135M->69M(4096M), 0.018 secs]
2025-09-30T23:56:45.711+0400: [GC (Allocation Failure) 89M->409M(4096M), 0.016 secs]
2025-09-30T23:56:46.721+0400: [GC (Allocation Failure) 111M->409M(4096M), 0.004 secs]
2025-09-30T23:56:47.227+0400: [GC (Allocation Failure) 123M->409M(4096M), 0.002 secs]
2025-09-30T23:56:47.728+0400: [Full GC (System.gc()) 86M->409M(4096M), 0.105 secs]
2025-09-30T23:56:48.732+0400: [GC (Allocation Failure) 108M->409M(4096M), 0.002 secs]
2025-09-30T23:56:49.743+0400: [GC (Allocation Failure) 132M->409M(4096M), 0.006 secs]
2025-09-30T23:56:49.743+0400: [GC (Allocation Failure) 132M->409M(4096M), 0.005 secs]
2025-09-30T23:56:50.751+0400: [GC (Allocation Failure) 127M->409M(4096M), 0.002 secs]
2025-09-30T23:56:51.759+0400: [Full GC (System.gc()) 151M->409M(4096M), 0.166 secs]
2025-09-30T23:56:52.261+0400: [GC (Allocation Failure) 140M->409M(4096M), 0.022 secs]
2025-09-30T23:56:52.278+0400: [System.gc() (Allocation Failure) 140M->78M(4096M), 0.017 secs]
2025-09-30T23:56:52.783+0400: [GC (Allocation Failure) 88M->409M(4096M), 0.007 secs]
2025-09-30T23:56:53.794+0400: [GC (Allocation Failure) 108M->409M(4096M), 0.008 secs]
2025-09-30T23:56:54.804+0400: [GC (Allocation Failure) 132M->409M(4096M), 0.008 secs]
2025-09-30T23:56:54.805+0400: [Full GC (System.gc()) 132M->409M(4096M), 0.140 secs]
2025-09-30T23:56:55.812+0400: [GC (Allocation Failure) 140M->409M(4096M), 0.010 secs]
2025-09-30T23:56:56.818+0400: [GC (Allocation Failure) 143M->409M(4096M), 0.005 secs]
2025-09-30T23:56:57.320+0400: [GC (Allocation Failure) 153M->409M(4096M), 0.002 secs]
2025-09-30T23:56:57.824+0400: [GC (Allocation Failure) 165M->409M(4096M), 0.004 secs]
2025-09-30T23:56:58.830+0400: [Full GC (System.gc()) 163M->409M(4096M), 0.197 secs]
2025-09-30T23:56:59.841+0400: [GC (Allocation Failure) 175M->409M(4096M), 0.007 secs]
2025-09-30T23:56:59.841+0400: [GC (Allocation Failure) 175M->409M(4096M), 0.011 secs]
2025-09-30T23:56:59.854+0400: [System.gc() (Allocation Failure) 175M->88M(4096M), 0.013 secs]
2025-09-30T23:57:00.866+0400: [GC (Allocation Failure) 108M->409M(4096M), 0.009 secs]
2025-09-30T23:57:01.872+0400: [GC (Allocation Failure) 130M->409M(4096M), 0.007 secs]
2025-09-30T23:57:02.376+0400: [Full GC (System.gc()) 142M->409M(4096M), 0.122 secs]
2025-09-30T23:57:02.882+0400: [GC (Allocation Failure) 152M->409M(4096M), 0.007 secs]
2025-09-30T23:57:03.891+0400: [GC (Allocation Failure) 174M->409M(4096M), 0.005 secs]
2025-09-30T23:57:04.900+0400: [GC (Allocation Failure) 127M->409M(4096M), 0.009 secs]
2025-09-30T23:57:04.901+0400: [GC (Allocation Failure) 127M->409M(4096M), 0.015 secs]
2025-09-30T23:57:05.910+0400: [Full GC (System.gc()) 149M->409M(4096M), 0.181 secs]
2025-09-30T23:57:06.921+0400: [GC (Allocation Failure) 173M->409M(4096M), 0.002 secs]
2025-09-30T23:57:07.423+0400: [GC (Allocation Failure) 183M->409M(4096M), 0.015 secs]
2025-09-30T23:57:07.441+0400: [System.gc() (Allocation Failure) 183M->97M(4096M), 0.017 secs]
2025-09-30T23:57:07.947+0400: [GC (Allocation Failure) 105M->409M(4096M), 0.005 secs]
2025-09-30T23:57:08.958+0400: [GC (Allocation Failure) 155M->409M(4096M), 0.004 secs]
2025-09-30T23:57:09.965+0400: [Full GC (System.gc()) 179M->409M(4096M), 0.179 secs]
2025-09-30T23:57:09.965+0400: [GC (Allocation Failure) 179M->409M(4096M), 0.006 secs]
2025-09-30T23:57:10.972+0400: [GC (Allocation Failure) 229M->409M(4096M), 0.010 secs]
2025-09-30T23:57:11.987+0400: [GC (Allocation Failure) 279M->409M(4096M), 0.006 secs]
2025-09-30T23:57:12.494+0400: [GC (Allocation Failure) 229M->409M(4096M), 0.002 secs]
2025-09-30T23:57:12.996+0400: [Full GC (System.gc()) 179M->409M(4096M), 0.177 secs]
2025-09-30T23:57:14.002+0400: [GC (Allocation Failure) 279M->409M(4096M), 0.011 secs]
2025-09-30T23:57:15.012+0400: [GC (Allocation Failure) 387M->409M(4096M), 0.007 secs]
2025-09-30T23:57:15.012+0400: [GC (Allocation Failure) 387M->409M(4096M), 0.009 secs]
2025-09-30T23:57:15.023+0400: [System.gc() (Allocation Failure) 387M->112M(4096M), 0.011 secs]
2025-09-30T23:57:16.034+0400: [GC (Allocation Failure) 192M->409M(4096M), 0.018 secs]
2025-09-30T23:57:17.044+0400: [Full GC (System.gc()) 196M->409M(4096M), 0.122 secs]
2025-09-30T23:57:17.546+0400: [GC (Allocation Failure) 196M->409M(4096M), 0.004 secs]
2025-09-30T23:57:18.051+0400: [GC (Allocation Failure) 236M->409M(4096M), 0.012 secs]
2025-09-30T23:57:19.062+0400: [GC (Allocation Failure) 340M->409M(4096M), 0.002 secs]
2025-09-30T23:57:20.073+0400: [GC (Allocation Failure) 444M->409M(4096M), 0.010 secs]
2025-09-30T23:57:20.073+0400: [GC (Concurrent Cycle) 444M->409M(4096M), 0.050 secs]
2025-09-30T23:57:21.079+0400: [GC (Allocation Failure) 208M->409M(4096M), 0.011 secs]
2025-09-30T23:57:22.088+0400: [GC (Allocation Failure) 272M->409M(4096M), 0.008 secs]
2025-09-30T23:57:22.591+0400: [GC (Allocation Failure) 272M->409M(4096M), 0.005 secs]
2025-09-30T23:57:22.602+0400: [System.gc() (Allocation Failure) 272M->120M(4096M), 0.011 secs]
2025-09-30T23:57:23.104+0400: [GC (Allocation Failure) 120M->409M(4096M), 0.007 secs]
2025-09-30T23:57:24.114+0400: [Full GC (System.gc()) 168M->409M(4096M), 0.173 secs]
2025-09-30T23:57:25.121+0400: [GC (Allocation Failure) 272M->409M(4096M), 0.022 secs]
2025-09-30T23:57:25.121+0400: [GC (Allocation Failure) 272M->409M(4096M), 0.002 secs]
2025-09-30T23:57:26.127+0400: [GC (Allocation Failure) 380M->409M(4096M), 0.009 secs]
2025-09-30T23:57:26.632+0400: [GC (Concurrent Cycle) 432M->409M(4096M), 0.050 secs]
2025-09-30T23:57:27.138+0400: [Full GC (System.gc()) 484M->409M(4096M), 0.140 secs]
2025-09-30T23:57:27.139+0400: [GC (Allocation Failure) 484M->451M(4096M), 0.002 secs]
2025-09-30T23:57:27.649+0400: [GC (Concurrent Cycle) 538M->409M(4096M), 0.050 secs]
2025-09-30T23:57:28.159+0400: [GC (Allocation Failure) 197M->409M(4096M), 0.010 secs]
2025-09-30T23:57:29.166+0400: [GC (Allocation Failure) 394M->409M(4096M), 0.005 secs]
2025-09-30T23:57:29.671+0400: [GC (Concurrent Cycle) 438M->409M(4096M), 0.050 secs]
2025-09-30T23:57:30.177+0400: [GC (Allocation Failure) 452M->428M(4096M), 0.004 secs]
2025-09-30T23:57:30.177+0400: [GC (Allocation Failure) 452M->409M(4096M), 0.005 secs]
2025-09-30T23:57:30.201+0400: [System.gc() (Allocation Failure) 452M->125M(4096M), 0.024 secs]
2025-09-30T23:57:31.209+0400: [GC (Allocation Failure) 151M->409M(4096M), 0.005 secs]
2025-09-30T23:57:32.220+0400: [GC (Allocation Failure) 177M->409M(4096M), 0.008 secs]
2025-09-30T23:57:32.725+0400: [Full GC (System.gc()) 191M->409M(4096M), 0.152 secs]
2025-09-30T23:57:33.231+0400: [GC (Allocation Failure) 205M->409M(4096M), 0.008 secs]
2025-09-30T23:57:34.242+0400: [GC (Allocation Failure) 231M->409M(4096M), 0.003 secs]
2025-09-30T23:57:34.743+0400: [System.gc() (Allocation Failure) 245M->130M(4096M), 0.020 secs]
2025-09-30T23:57:35.246+0400: [GC (Allocation Failure) 142M->409M(4096M), 0.002 secs]
2025-09-30T23:57:35.246+0400: [GC (Allocation Failure) 142M->409M(4096M), 0.014 secs]
2025-09-30T23:57:35.676+0400: [System.gc() (Allocation Failure) 154M->131M(4096M), 0.018 secs]
2025-09-30T23:57:36.252+0400: [System.gc() (Allocation Failure) 145M->132M(4096M), 0.011 secs]
2025-09-30T23:57:36.253+0400: [Full GC (System.gc()) 132M->409M(4096M), 0.148 secs]
2025-09-30T23:57:36.740+0400: [System.gc() (Allocation Failure) 142M->132M(4096M), 0.017 secs]
2025-09-30T23:57:37.260+0400: [GC (Allocation Failure) 144M->409M(4096M), 0.009 secs]
2025-09-30T23:57:37.765+0400: [GC (Allocation Failure) 158M->409M(4096M), 0.012 secs]
2025-09-30T23:57:37.778+0400: [System.gc() (Allocation Failure) 158M->135M(4096M), 0.012 secs]
2025-09-30T23:57:38.283+0400: [GC (Allocation Failure) 145M->409M(4096M), 0.003 secs]
2025-09-30T23:57:39.291+0400: [GC (Allocation Failure) 173M->409M(4096M), 0.002 secs]
2025-09-30T23:57:40.296+0400: [Full GC (System.gc()) 201M->409M(4096M), 0.130 secs]
2025-09-30T23:57:40.296+0400: [GC (Allocation Failure) 201M->409M(4096M), 0.008 secs]
2025-09-30T23:57:41.302+0400: [GC (Allocation Failure) 229M->409M(4096M), 0.002 secs]
2025-09-30T23:57:42.311+0400: [GC (Allocation Failure) 255M->409M(4096M), 0.021 secs]
2025-09-30T23:57:42.817+0400: [GC (Allocation Failure) 157M->409M(4096M), 0.011 secs]
2025-09-30T23:57:43.320+0400: [Full GC (System.gc()) 171M->409M(4096M), 0.161 secs]
2025-09-30T23:57:44.324+0400: [GC (Allocation Failure) 193M->409M(4096M), 0.006 secs]
2025-09-30T23:57:45.335+0400: [GC (Allocation Failure) 195M->409M(4096M), 0.003 secs]
2025-09-30T23:57:45.336+0400: [GC (Allocation Failure) 195M->409M(4096M), 0.002 secs]
2025-09-30T23:57:45.359+0400: [System.gc() (Allocation Failure) 195M->144M(4096M), 0.023 secs]
2025-09-30T23:57:46.369+0400: [GC (Allocation Failure) 150M->409M(4096M), 0.008 secs]
2025-09-30T23:57:47.377+0400: [Full GC (System.gc()) 176M->409M(4096M), 0.148 secs]
2025-09-30T23:57:47.878+0400: [GC (Allocation Failure) 181M->409M(4096M), 0.009 secs]
2025-09-30T23:57:48.384+0400: [GC (Allocation Failure) 193M->409M(4096M), 0.018 secs]
2025-09-30T23:57:49.392+0400: [GC (Allocation Failure) 215M->409M(4096M), 0.002 secs]
2025-09-30T23:57:50.399+0400: [GC (Allocation Failure) 239M->409M(4096M), 0.007 secs]
2025-09-30T23:57:50.400+0400: [Full GC (System.gc()) 239M->409M(4096M), 0.198 secs]
2025-09-30T23:57:51.406+0400: [GC (Allocation Failure) 261M->409M(4096M), 0.008 secs]
2025-09-30T23:57:52.417+0400: [GC (Allocation Failure) 285M->409M(4096M), 0.007 secs]
2025-09-30T23:57:52.923+0400: [GC (Allocation Failure) 297M->409M(4096M), 0.012 secs]
2025-09-30T23:57:52.947+0400: [System.gc() (Allocation Failure) 297M->153M(4096M), 0.024 secs]
2025-09-30T23:57:53.452+0400: [GC (Allocation Failure) 163M->409M(4096M), 0.009 secs]
2025-09-30T23:57:54.459+0400: [Full GC (System.gc()) 185M->409M(4096M), 0.177 secs]
2025-09-30T23:57:55.470+0400: [GC (Allocation Failure) 207M->409M(4096M), 0.008 secs]
2025-09-30T23:57:55.470+0400: [GC (Allocation Failure) 207M->409M(4096M), 0.005 secs]
2025-09-30T23:57:56.477+0400: [GC (Allocation Failure) 229M->409M(4096M), 0.005 secs]
2025-09-30T23:57:57.484+0400: [GC (Allocation Failure) 253M->409M(4096M), 0.022 secs]
2025-09-30T23:57:57.989+0400: [Full GC (System.gc()) 263M->409M(4096M), 0.199 secs]
2025-09-30T23:57:58.493+0400: [GC (Allocation Failure) 275M->409M(4096M), 0.002 secs]
2025-09-30T23:57:59.008+0400: [System.gc() (Allocation Failure) 196M->6M(4096M), 0.010 secs]
2025-09-30T23:58:09.077+0400: [GC (Allocation Failure) 87M->409M(4096M), 0.053 secs]
2025-09-30T23:58:10.080+0400: [GC (Allocation Failure) 87M->409M(4096M), 0.030 secs]
2025-09-30T23:58:10.581+0400: [GC (Allocation Failure) 87M->409M(4096M), 0.003 secs]
2025-09-30T23:58:11.084+0400: [Full GC (System.gc()) 87M->409M(4096M), 0.497 secs]
2025-09-30T23:58:12.088+0400: [GC (Allocation Failure) 7M->409M(4096M), 0.036 secs]
2025-09-30T23:58:13.099+0400: [GC (Allocation Failure) 25M->409M(4096M), 0.018 secs]
2025-09-30T23:58:13.099+0400: [GC (Allocation Failure) 25M->409M(4096M), 0.025 secs]
2025-09-30T23:58:14.105+0400: [GC (Allocation Failure) 45M->409M(4096M), 0.004 secs]
2025-09-30T23:58:15.116+0400: [Full GC (System.gc()) 25M->409M(4096M), 0.206 secs]
2025-09-30T23:58:15.621+0400: [GC (Allocation Failure) 35M->409M(4096M), 0.076 secs]
2025-09-30T23:58:15.636+0400: [System.gc() (Allocation Failure) 35M->14M(4096M), 0.015 secs]
2025-09-30T23:58:16.142+0400: [GC (Allocation Failure) 22M->409M(4096M), 0.008 secs]
2025-09-30T23:58:17.151+0400: [GC (Allocation Failure) 26M->409M(4096M), 0.022 secs]
2025-09-30T23:58:18.155+0400: [GC (Allocation Failure) 44M->409M(4096M), 0.013 secs]
2025-09-30T23:58:18.156+0400: [Full GC (System.gc()) 44M->409M(4096M), 0.322 secs]
2025-09-30T23:58:19.162+0400: [GC (Allocation Failure) 53M->409M(4096M), 0.046 secs]
2025-09-30T23:58:20.167+0400: [GC (Allocation Failure) 62M->409M(4096M), 0.052 secs]
2025-09-30T23:58:20.668+0400: [GC (Allocation Failure) 68M->409M(4096M), 0.034 secs]
2025-09-30T23:58:21.172+0400: [GC (Allocation Failure) 74M->409M(4096M), 0.020 secs]
2025-09-30T23:58:22.179+0400: [Full GC (System.gc()) 72M->409M(4096M), 0.409 secs]
2025-09-30T23:58:23.185+0400: [GC (Allocation Failure) 63M->409M(4096M), 0.011 secs]
2025-09-30T23:58:23.185+0400: [GC (Allocation Failure) 63M->409M(4096M), 0.015 secs]
2025-09-30T23:58:23.197+0400: [System.gc() (Allocation Failure) 63M->16M(4096M), 0.012 secs]
2025-09-30T23:58:24.202+0400: [GC (Allocation Failure) 27M->409M(4096M), 0.077 secs]
2025-09-30T23:58:25.207+0400: [GC (Allocation Failure) 45M->409M(4096M), 0.003 secs]
2025-09-30T23:58:25.713+0400: [Full GC (System.gc()) 49M->409M(4096M), 0.185 secs]
2025-09-30T23:58:26.215+0400: [GC (Allocation Failure) 66M->409M(4096M), 0.064 secs]
2025-09-30T23:58:27.225+0400: [GC (Allocation Failure) 56M->409M(4096M), 0.015 secs]
2025-09-30T23:58:28.235+0400: [GC (Allocation Failure) 60M->409M(4096M), 0.009 secs]
2025-09-30T23:58:28.236+0400: [GC (Allocation Failure) 60M->409M(4096M), 0.005 secs]
2025-09-30T23:58:29.246+0400: [Full GC (System.gc()) 68M->409M(4096M), 0.303 secs]
2025-09-30T23:58:30.251+0400: [GC (Allocation Failure) 65M->409M(4096M), 0.012 secs]
2025-09-30T23:58:30.752+0400: [GC (Allocation Failure) 73M->409M(4096M), 0.009 secs]
2025-09-30T23:58:30.759+0400: [System.gc() (Allocation Failure) 73M->18M(4096M), 0.007 secs]
2025-09-30T23:58:31.263+0400: [GC (Allocation Failure) 26M->409M(4096M), 0.014 secs]
2025-09-30T23:58:32.274+0400: [GC (Allocation Failure) 39M->409M(4096M), 0.032 secs]
2025-09-30T23:58:33.280+0400: [Full GC (System.gc()) 52M->409M(4096M), 0.433 secs]
2025-09-30T23:58:33.280+0400: [GC (Allocation Failure) 52M->409M(4096M), 0.034 secs]
2025-09-30T23:58:34.289+0400: [GC (Allocation Failure) 59M->409M(4096M), 0.003 secs]
2025-09-30T23:58:35.300+0400: [GC (Allocation Failure) 66M->409M(4096M), 0.088 secs]
2025-09-30T23:58:35.801+0400: [GC (Allocation Failure) 77M->409M(4096M), 0.008 secs]
2025-09-30T23:58:36.303+0400: [Full GC (System.gc()) 77M->409M(4096M), 0.185 secs]
2025-09-30T23:58:37.310+0400: [GC (Allocation Failure) 75M->409M(4096M), 0.083 secs]
2025-09-30T23:58:38.320+0400: [GC (Allocation Failure) 95M->409M(4096M), 0.041 secs]
2025-09-30T23:58:38.320+0400: [GC (Allocation Failure) 95M->409M(4096M), 0.037 secs]
2025-09-30T23:58:38.328+0400: [System.gc() (Allocation Failure) 95M->21M(4096M), 0.008 secs]
2025-09-30T23:58:39.338+0400: [GC (Allocation Failure) 21M->409M(4096M), 0.035 secs]
2025-09-30T23:58:40.348+0400: [Full GC (System.gc()) 41M->409M(4096M), 0.385 secs]
2025-09-30T23:58:40.854+0400: [GC (Allocation Failure) 29M->409M(4096M), 0.048 secs]
2025-09-30T23:58:41.355+0400: [GC (Allocation Failure) 39M->409M(4096M), 0.005 secs]
2025-09-30T23:58:42.365+0400: [GC (Allocation Failure) 64M->409M(4096M), 0.037 secs]
2025-09-30T23:58:43.372+0400: [GC (Allocation Failure) 68M->409M(4096M), 0.002 secs]
2025-09-30T23:58:43.373+0400: [Full GC (System.gc()) 68M->409M(4096M), 0.355 secs]
2025-09-30T23:58:44.376+0400: [GC (Allocation Failure) 71M->409M(4096M), 0.002 secs]
2025-09-30T23:58:45.394+0400: [System.gc() (Allocation Failure) 90M->5M(4096M), 0.009 secs]
2025-09-30T23:59:00.697+0400: [GC (Allocation Failure) 28M->409M(4096M), 0.010 secs]
2025-09-30T23:59:02.711+0400: [GC (Allocation Failure) 10M->409M(4096M), 0.023 secs]
2025-09-30T23:59:03.718+0400: [GC (Allocation Failure) 29M->409M(4096M), 0.019 secs]
2025-09-30T23:59:04.731+0400: [Full GC (System.gc()) 19M->409M(4096M), 0.427 secs]
2025-09-30T23:59:06.742+0400: [GC (Allocation Failure) 71M->409M(4096M), 0.034 secs]
2025-09-30T23:59:08.753+0400: [GC (Allocation Failure) 58M->409M(4096M), 0.011 secs]
2025-09-30T23:59:08.754+0400: [GC (Allocation Failure) 58M->409M(4096M), 0.025 secs]
2025-09-30T23:59:10.765+0400: [GC (Allocation Failure) 68M->409M(4096M), 0.071 secs]
2025-09-30T23:59:12.775+0400: [Full GC (System.gc()) 68M->409M(4096M), 0.135 secs]
2025-09-30T23:59:13.777+0400: [GC (Allocation Failure) 70M->409M(4096M), 0.032 secs]
2025-09-30T23:59:13.792+0400: [System.gc() (Allocation Failure) 70M->20M(4096M), 0.015 secs]
2025-09-30T23:59:14.798+0400: [GC (Allocation Failure) 20M->409M(4096M), 0.026 secs]
2025-09-30T23:59:16.808+0400: [GC (Allocation Failure) 24M->409M(4096M), 0.038 secs]
2025-09-30T23:59:18.819+0400: [GC (Allocation Failure) 28M->409M(4096M), 0.012 secs]
2025-09-30T23:59:18.819+0400: [Full GC (System.gc()) 28M->409M(4096M), 0.180 secs]
2025-09-30T23:59:20.829+0400: [GC (Allocation Failure) 32M->409M(4096M), 0.005 secs]
2025-09-30T23:59:22.838+0400: [GC (Allocation Failure) 36M->409M(4096M), 0.014 secs]
2025-09-30T23:59:23.843+0400: [GC (Allocation Failure) 38M->409M(4096M), 0.013 secs]
2025-09-30T23:59:24.850+0400: [GC (Allocation Failure) 42M->409M(4096M), 0.002 secs]
2025-09-30T23:59:26.858+0400: [Full GC (System.gc()) 53M->409M(4096M), 0.167 secs]
2025-09-30T23:59:28.864+0400: [GC (Allocation Failure) 57M->409M(4096M), 0.008 secs]
2025-09-30T23:59:28.865+0400: [GC (Allocation Failure) 57M->409M(4096M), 0.020 secs]
2025-09-30T23:59:28.880+0400: [System.gc() (Allocation Failure) 57M->35M(4096M), 0.015 secs]
2025-09-30T23:59:30.886+0400: [GC (Allocation Failure) 37M->409M(4096M), 0.005 secs]
2025-09-30T23:59:32.892+0400: [GC (Allocation Failure) 41M->409M(4096M), 0.015 secs]
2025-09-30T23:59:33.893+0400: [Full GC (System.gc()) 43M->409M(4096M), 0.261 secs]
2025-09-30T23:59:34.898+0400: [GC (Allocation Failure) 47M->409M(4096M), 0.014 secs]
2025-09-30T23:59:36.910+0400: [GC (Allocation Failure) 49M->409M(4096M), 0.042 secs]
2025-09-30T23:59:38.925+0400: [GC (Allocation Failure) 55M->409M(4096M), 0.009 secs]
2025-09-30T23:59:38.925+0400: [GC (Allocation Failure) 55M->409M(4096M), 0.021 secs]
2025-09-30T23:59:40.928+0400: [Full GC (System.gc()) 57M->409M(4096M), 0.137 secs]
2025-09-30T23:59:42.939+0400: [GC (Allocation Failure) 60M->409M(4096M), 0.002 secs]
2025-09-30T23:59:43.940+0400: [GC (Allocation Failure) 60M->409M(4096M), 0.022 secs]
2025-09-30T23:59:43.955+0400: [System.gc() (Allocation Failure) 60M->50M(4096M), 0.015 secs]
2025-09-30T23:59:44.957+0400: [GC (Allocation Failure) 50M->409M(4096M), 0.011 secs]
2025-09-30T23:59:46.965+0400: [GC (Allocation Failure) 52M->409M(4096M), 0.007 secs]
2025-09-30T23:59:48.973+0400: [Full GC (System.gc()) 56M->409M(4096M), 0.226 secs]
2025-09-30T23:59:48.973+0400: [GC (Allocation Failure) 56M->409M(4096M), 0.038 secs]
2025-09-30T23:59:50.982+0400: [GC (Allocation Failure) 62M->409M(4096M), 0.008 secs]
2025-09-30T23:59:52.990+0400: [GC (Allocation Failure) 64M->409M(4096M), 0.002 secs]
2025-09-30T23:59:53.997+0400: [GC (Allocation Failure) 66M->409M(4096M), 0.033 secs]
2025-09-30T23:59:55.004+0400: [Full GC (System.gc()) 70M->409M(4096M), 0.265 secs]
2025-09-30T23:59:57.012+0400: [GC (Allocation Failure) 72M->409M(4096M), 0.002 secs]
2025-09-30T23:59:59.024+0400: [GC (Allocation Failure) 76M->409M(4096M), 0.011 secs]
2025-09-30T23:59:59.024+0400: [GC (Allocation Failure) 76M->409M(4096M), 0.019 secs]
2025-09-30T23:59:59.041+0400: [System.gc() (Allocation Failure) 76M->65M(4096M), 0.017 secs]
2025-10-01T00:00:01.053+0400: [GC (Allocation Failure) 65M->409M(4096M), 0.019 secs]
2025-10-01T00:00:03.059+0400: [Full GC (System.gc()) 69M->409M(4096M), 0.195 secs]
2025-10-01T00:00:04.061+0400: [GC (Allocation Failure) 71M->409M(4096M), 0.019 secs]
2025-10-01T00:00:05.064+0400: [GC (Allocation Failure) 73M->409M(4096M), 0.011 secs]
2025-10-01T00:00:07.072+0400: [GC (Allocation Failure) 84M->409M(4096M), 0.031 secs]
2025-10-01T00:00:09.084+0400: [GC (Allocation Failure) 86M->409M(4096M), 0.012 secs]
2025-10-01T00:00:09.085+0400: [Full GC (System.gc()) 86M->409M(4096M), 0.233 secs]
2025-10-01T00:00:11.099+0400: [GC (Allocation Failure) 92M->409M(4096M), 0.007 secs]
2025-10-01T00:00:13.109+0400: [GC (Allocation Failure) 94M->409M(4096M), 0.006 secs]
2025-10-01T00:00:14.115+0400: [GC (Allocation Failure) 96M->409M(4096M), 0.015 secs]
2025-10-01T00:00:14.134+0400: [System.gc() (Allocation Failure) 96M->80M(4096M), 0.019 secs]
2025-10-01T00:00:15.139+0400: [GC (Allocation Failure) 80M->409M(4096M), 0.014 secs]
2025-10-01T00:00:17.148+0400: [Full GC (System.gc()) 82M->409M(4096M), 0.190 secs]
2025-10-01T00:00:19.157+0400: [GC (Allocation Failure) 86M->409M(4096M), 0.016 secs]
2025-10-01T00:00:19.158+0400: [GC (Allocation Failure) 86M->409M(4096M), 0.042 secs]
2025-10-01T00:00:21.168+0400: [GC (Allocation Failure) 90M->409M(4096M), 0.005 secs]
2025-10-01T00:00:23.180+0400: [GC (Allocation Failure) 94M->409M(4096M), 0.010 secs]
2025-10-01T00:00:24.186+0400: [Full GC (System.gc()) 96M->409M(4096M), 0.125 secs]
2025-10-01T00:00:25.193+0400: [GC (Allocation Failure) 100M->409M(4096M), 0.007 secs]
2025-10-01T00:00:27.206+0400: [GC (Allocation Failure) 102M->409M(4096M), 0.016 secs]
2025-10-01T00:00:29.214+0400: [GC (Allocation Failure) 106M->409M(4096M), 0.005 secs]
2025-10-01T00:00:29.214+0400: [GC (Allocation Failure) 106M->409M(4096M), 0.014 secs]
2025-10-01T00:00:29.232+0400: [System.gc() (Allocation Failure) 106M->95M(4096M), 0.018 secs]
2025-10-01T00:00:31.243+0400: [Full GC (System.gc()) 95M->409M(4096M), 0.246 secs]
2025-10-01T00:00:33.254+0400: [GC (Allocation Failure) 99M->409M(4096M), 0.009 secs]
2025-10-01T00:00:34.258+0400: [GC (Allocation Failure) 101M->409M(4096M), 0.024 secs]
2025-10-01T00:00:35.262+0400: [GC (Allocation Failure) 103M->409M(4096M), 0.008 secs]
2025-10-01T00:00:37.270+0400: [GC (Allocation Failure) 107M->409M(4096M), 0.010 secs]
2025-10-01T00:00:39.276+0400: [Full GC (System.gc()) 111M->409M(4096M), 0.257 secs]
2025-10-01T00:00:39.276+0400: [GC (Allocation Failure) 111M->409M(4096M), 0.003 secs]
2025-10-01T00:00:41.288+0400: [GC (Allocation Failure) 115M->409M(4096M), 0.046 secs]
2025-10-01T00:00:43.305+0400: [GC (Allocation Failure) 126M->409M(4096M), 0.021 secs]
2025-10-01T00:00:44.313+0400: [GC (Allocation Failure) 126M->409M(4096M), 0.013 secs]
2025-10-01T00:00:44.334+0400: [System.gc() (Allocation Failure) 126M->110M(4096M), 0.021 secs]
2025-10-01T00:00:45.339+0400: [Full GC (System.gc()) 110M->409M(4096M), 0.268 secs]
2025-10-01T00:00:47.348+0400: [GC (Allocation Failure) 112M->409M(4096M), 0.002 secs]
2025-10-01T00:00:49.358+0400: [GC (Allocation Failure) 116M->409M(4096M), 0.021 secs]
2025-10-01T00:00:49.359+0400: [GC (Allocation Failure) 116M->409M(4096M), 0.013 secs]
2025-10-01T00:00:51.363+0400: [GC (Allocation Failure) 120M->409M(4096M), 0.010 secs]
2025-10-01T00:00:53.371+0400: [Full GC (System.gc()) 124M->409M(4096M), 0.182 secs]
2025-10-01T00:00:54.377+0400: [GC (Allocation Failure) 126M->409M(4096M), 0.016 secs]
2025-10-01T00:00:55.380+0400: [GC (Allocation Failure) 128M->409M(4096M), 0.013 secs]
2025-10-01T00:00:57.389+0400: [GC (Allocation Failure) 132M->409M(4096M), 0.002 secs]
2025-10-01T00:00:59.401+0400: [GC (Allocation Failure) 136M->409M(4096M), 0.005 secs]
2025-10-01T00:00:59.402+0400: [Full GC (System.gc()) 136M->409M(4096M), 0.233 secs]
2025-10-01T00:00:59.420+0400: [System.gc() (Allocation Failure) 136M->125M(4096M), 0.018 secs]
2025-10-01T00:01:01.431+0400: [GC (Allocation Failure) 125M->409M(4096M), 0.022 secs]
2025-10-01T00:01:03.442+0400: [GC (Allocation Failure) 129M->409M(4096M), 0.029 secs]
2025-10-01T00:01:04.448+0400: [GC (Allocation Failure) 131M->409M(4096M), 0.005 secs]
2025-10-01T00:01:05.449+0400: [GC (Allocation Failure) 133M->409M(4096M), 0.016 secs]
2025-10-01T00:01:07.460+0400: [Full GC (System.gc()) 137M->409M(4096M), 0.146 secs]
2025-10-01T00:01:09.468+0400: [GC (Allocation Failure) 141M->409M(4096M), 0.022 secs]
2025-10-01T00:01:09.468+0400: [GC (Allocation Failure) 141M->409M(4096M), 0.019 secs]
2025-10-01T00:01:11.478+0400: [GC (Allocation Failure) 157M->409M(4096M), 0.048 secs]
2025-10-01T00:01:13.490+0400: [GC (Allocation Failure) 161M->409M(4096M), 0.012 secs]
2025-10-01T00:01:14.496+0400: [Full GC (System.gc()) 163M->409M(4096M), 0.255 secs]
2025-10-01T00:01:14.519+0400: [System.gc() (Allocation Failure) 163M->141M(4096M), 0.022 secs]
2025-10-01T00:01:15.521+0400: [GC (Allocation Failure) 141M->409M(4096M), 0.024 secs]
2025-10-01T00:01:17.529+0400: [GC (Allocation Failure) 145M->409M(4096M), 0.017 secs]
2025-10-01T00:01:19.541+0400: [GC (Allocation Failure) 149M->409M(4096M), 0.020 secs]
2025-10-01T00:01:19.541+0400: [GC (Allocation Failure) 149M->409M(4096M), 0.033 secs]
2025-10-01T00:01:21.549+0400: [Full GC (System.gc()) 153M->409M(4096M), 0.278 secs]
2025-10-01T00:01:23.560+0400: [GC (Allocation Failure) 157M->409M(4096M), 0.003 secs]
2025-10-01T00:01:24.566+0400: [GC (Allocation Failure) 159M->409M(4096M), 0.035 secs]
2025-10-01T00:01:25.570+0400: [GC (Allocation Failure) 161M->409M(4096M), 0.013 secs]
2025-10-01T00:01:27.574+0400: [GC (Allocation Failure) 173M->409M(4096M), 0.012 secs]
2025-10-01T00:01:29.581+0400: [Full GC (System.gc()) 209M->409M(4096M), 0.116 secs]
2025-10-01T00:01:29.582+0400: [GC (Allocation Failure) 209M->409M(4096M), 0.022 secs]
2025-10-01T00:01:29.593+0400: [System.gc() (Allocation Failure) 209M->163M(4096M), 0.011 secs]
2025-10-01T00:01:31.604+0400: [GC (Allocation Failure) 177M->409M(4096M), 0.004 secs]
2025-10-01T00:01:33.613+0400: [GC (Allocation Failure) 199M->409M(4096M), 0.005 secs]
2025-10-01T00:01:35.623+0400: [GC (Allocation Failure) 237M->409M(4096M), 0.002 secs]
2025-10-01T00:01:37.630+0400: [Full GC (System.gc()) 241M->409M(4096M), 0.153 secs]
2025-10-01T00:01:38.633+0400: [GC (Allocation Failure) 261M->409M(4096M), 0.010 secs]
2025-10-01T00:01:39.636+0400: [GC (Allocation Failure) 261M->409M(4096M), 0.005 secs]
2025-10-01T00:01:41.647+0400: [GC (Allocation Failure) 255M->409M(4096M), 0.005 secs]
2025-10-01T00:01:43.659+0400: [GC (Allocation Failure) 297M->409M(4096M), 0.005 secs]
2025-10-01T00:01:43.659+0400: [Full GC (System.gc()) 297M->409M(4096M), 0.198 secs]
2025-10-01T00:01:45.665+0400: [GC (Allocation Failure) 267M->409M(4096M), 0.014 secs]
2025-10-01T00:01:47.670+0400: [GC (Allocation Failure) 249M->409M(4096M), 0.036 secs]
2025-10-01T00:01:48.673+0400: [GC (Allocation Failure) 271M->409M(4096M), 0.010 secs]
2025-10-01T00:01:48.693+0400: [System.gc() (Allocation Failure) 271M->182M(4096M), 0.020 secs]
2025-10-01T00:01:49.699+0400: [GC (Allocation Failure) 202M->409M(4096M), 0.022 secs]
2025-10-01T00:01:51.707+0400: [Full GC (System.gc()) 246M->409M(4096M), 0.298 secs]
2025-10-01T00:01:53.713+0400: [GC (Allocation Failure) 290M->409M(4096M), 0.005 secs]
2025-10-01T00:01:53.714+0400: [GC (Allocation Failure) 290M->409M(4096M), 0.008 secs]
2025-10-01T00:01:55.724+0400: [GC (Allocation Failure) 242M->409M(4096M), 0.045 secs]
2025-10-01T00:01:57.735+0400: [GC (Allocation Failure) 296M->409M(4096M), 0.002 secs]
2025-10-01T00:01:58.740+0400: [Full GC (System.gc()) 228M->409M(4096M), 0.110 secs]
2025-10-01T00:01:59.746+0400: [GC (Allocation Failure) 250M->409M(4096M), 0.038 secs]
2025-10-01T00:02:01.756+0400: [GC (Allocation Failure) 294M->409M(4096M), 0.007 secs]
2025-10-01T00:02:03.764+0400: [GC (Allocation Failure) 243M->409M(4096M), 0.019 secs]
2025-10-01T00:02:03.764+0400: [GC (Allocation Failure) 243M->409M(4096M), 0.035 secs]
2025-10-01T00:02:03.784+0400: [System.gc() (Allocation Failure) 243M->197M(4096M), 0.020 secs]
2025-10-01T00:02:05.795+0400: [Full GC (System.gc()) 241M->409M(4096M), 0.100 secs]
2025-10-01T00:02:07.806+0400: [GC (Allocation Failure) 287M->409M(4096M), 0.023 secs]
2025-10-01T00:02:08.807+0400: [GC (Allocation Failure) 309M->409M(4096M), 0.017 secs]
2025-10-01T00:02:09.812+0400: [GC (Allocation Failure) 243M->409M(4096M), 0.006 secs]
2025-10-01T00:02:11.823+0400: [GC (Allocation Failure) 289M->409M(4096M), 0.022 secs]
2025-10-01T00:02:13.838+0400: [Full GC (System.gc()) 250M->409M(4096M), 0.187 secs]
2025-10-01T00:02:13.838+0400: [GC (Allocation Failure) 250M->409M(4096M), 0.014 secs]
2025-10-01T00:02:15.853+0400: [GC (Allocation Failure) 294M->409M(4096M), 0.003 secs]
2025-10-01T00:02:17.866+0400: [GC (Allocation Failure) 340M->409M(4096M), 0.008 secs]
2025-10-01T00:02:18.873+0400: [GC (Allocation Failure) 302M->409M(4096M), 0.008 secs]
2025-10-01T00:02:18.890+0400: [System.gc() (Allocation Failure) 302M->212M(4096M), 0.017 secs]
2025-10-01T00:02:19.897+0400: [Full GC (System.gc()) 232M->409M(4096M), 0.290 secs]
2025-10-01T00:02:20.917+0400: [System.gc() (Allocation Failure) 232M->5M(4096M), 0.014 secs]
2025-10-01T00:02:20.929+0400: [System.gc() (Allocation Failure) 5M->5M(4096M), 0.011 secs]
2025-10-01T00:02:22.935+0400: [GC (Allocation Failure) 25M->409M(4096M), 0.046 secs]
2025-10-01T00:02:24.945+0400: [GC (Allocation Failure) 25M->409M(4096M), 0.015 secs]
2025-10-01T00:02:25.952+0400: [GC (Allocation Failure) 27M->409M(4096M), 0.002 secs]
2025-10-01T00:02:26.955+0400: [GC (Allocation Failure) 29M->409M(4096M), 0.019 secs]
2025-10-01T00:02:28.964+0400: [Full GC (System.gc()) 47M->409M(4096M), 0.144 secs]
2025-10-01T00:02:30.977+0400: [GC (Allocation Failure) 60M->409M(4096M), 0.008 secs]
2025-10-01T00:02:30.977+0400: [GC (Allocation Failure) 60M->409M(4096M), 0.005 secs]
2025-10-01T00:02:32.985+0400: [GC (Allocation Failure) 77M->409M(4096M), 0.015 secs]
2025-10-01T00:02:34.994+0400: [GC (Allocation Failure) 79M->409M(4096M), 0.002 secs]
2025-10-01T00:02:35.999+0400: [Full GC (System.gc()) 96M->409M(4096M), 0.227 secs]
2025-10-01T00:02:36.014+0400: [System.gc() (Allocation Failure) 96M->12M(4096M), 0.014 secs]
2025-10-01T00:02:37.020+0400: [GC (Allocation Failure) 27M->409M(4096M), 0.002 secs]
2025-10-01T00:02:39.024+0400: [GC (Allocation Failure) 120M->409M(4096M), 0.022 secs]
2025-10-01T00:02:41.036+0400: [GC (Allocation Failure) 147M->409M(4096M), 0.005 secs]
2025-10-01T00:02:41.036+0400: [GC (Allocation Failure) 147M->409M(4096M), 0.014 secs]
2025-10-01T00:02:43.045+0400: [Full GC (System.gc()) 173M->409M(4096M), 0.201 secs]
2025-10-01T00:02:45.054+0400: [GC (Allocation Failure) 199M->409M(4096M), 0.014 secs]
2025-10-01T00:02:46.058+0400: [GC (Allocation Failure) 211M->409M(4096M), 0.006 secs]
2025-10-01T00:02:47.063+0400: [GC (Allocation Failure) 225M->409M(4096M), 0.015 secs]
2025-10-01T00:02:49.072+0400: [GC (Allocation Failure) 71M->409M(4096M), 0.009 secs]
2025-10-01T00:02:51.081+0400: [Full GC (System.gc()) 71M->409M(4096M), 0.264 secs]
2025-10-01T00:02:51.081+0400: [GC (Allocation Failure) 71M->409M(4096M), 0.009 secs]
2025-10-01T00:02:51.095+0400: [System.gc() (Allocation Failure) 71M->4M(4096M), 0.014 secs]
2025-10-01T00:02:53.106+0400: [GC (Allocation Failure) 4M->409M(4096M), 0.025 secs]
2025-10-01T00:02:55.114+0400: [GC (Allocation Failure) 16M->409M(4096M), 0.002 secs]
2025-10-01T00:02:56.120+0400: [GC (Allocation Failure) 16M->409M(4096M), 0.019 secs]
2025-10-01T00:02:57.126+0400: [Full GC (System.gc()) 16M->409M(4096M), 0.231 secs]
2025-10-01T00:02:59.135+0400: [GC (Allocation Failure) 16M->409M(4096M), 0.003 secs]
2025-10-01T00:03:01.146+0400: [GC (Allocation Failure) 16M->409M(4096M), 0.005 secs]
2025-10-01T00:03:01.146+0400: [GC (Allocation Failure) 16M->409M(4096M), 0.005 secs]
2025-10-01T00:03:03.157+0400: [GC (Allocation Failure) 18M->409M(4096M), 0.003 secs]
2025-10-01T00:03:05.166+0400: [Full GC (System.gc()) 18M->409M(4096M), 0.417 secs]
2025-10-01T00:03:06.172+0400: [GC (Allocation Failure) 18M->409M(4096M), 0.063 secs]
2025-10-01T00:03:06.191+0400: [System.gc() (Allocation Failure) 18M->5M(4096M), 0.019 secs]
2025-10-01T00:03:07.194+0400: [GC (Allocation Failure) 5M->409M(4096M), 0.044 secs]
2025-10-01T00:03:09.204+0400: [GC (Allocation Failure) 5M->409M(4096M), 0.022 secs]
2025-10-01T00:03:11.211+0400: [GC (Allocation Failure) 5M->409M(4096M), 0.036 secs]
2025-10-01T00:03:11.211+0400: [Full GC (System.gc()) 5M->409M(4096M), 0.283 secs]
2025-10-01T00:03:13.218+0400: [GC (Allocation Failure) 117M->409M(4096M), 0.010 secs]
2025-10-01T00:03:15.229+0400: [GC (Allocation Failure) 321M->409M(4096M), 0.057 secs]
2025-10-01T00:03:16.231+0400: [GC (Allocation Failure) 20M->409M(4096M), 0.002 secs]
2025-10-01T00:03:17.252+0400: [GC (Allocation Failure) 12M->409M(4096M), 0.035 secs]
2025-10-01T00:03:19.263+0400: [Full GC (System.gc()) 218M->409M(4096M), 0.182 secs]
2025-10-01T00:03:21.271+0400: [GC (Allocation Failure) 421M->409M(4096M), 0.048 secs]
2025-10-01T00:03:21.272+0400: [GC (Allocation Failure) 421M->409M(4096M), 0.003 secs]
2025-10-01T00:03:21.287+0400: [System.gc() (Allocation Failure) 423M->16M(4096M), 0.015 secs]
2025-10-01T00:03:23.293+0400: [GC (Allocation Failure) 220M->409M(4096M), 0.071 secs]
2025-10-01T00:03:25.300+0400: [GC (Allocation Failure) 424M->409M(4096M), 0.020 secs]
2025-10-01T00:03:26.306+0400: [Full GC (System.gc()) 524M->409M(4096M), 0.259 secs]
2025-10-01T00:03:27.307+0400: [GC (Allocation Failure) 624M->485M(4096M), 0.042 secs]
2025-10-01T00:03:29.315+0400: [GC (Allocation Failure) 152M->409M(4096M), 0.019 secs]
2025-10-01T00:03:31.318+0400: [GC (Allocation Failure) 356M->409M(4096M), 0.044 secs]
2025-10-01T00:03:31.318+0400: [GC (Allocation Failure) 356M->409M(4096M), 0.037 secs]
2025-10-01T00:03:33.329+0400: [Full GC (System.gc()) 155M->409M(4096M), 0.412 secs]
2025-10-01T00:03:35.339+0400: [GC (Allocation Failure) 181M->409M(4096M), 0.014 secs]
2025-10-01T00:03:36.345+0400: [GC (Allocation Failure) 193M->409M(4096M), 0.065 secs]
2025-10-01T00:03:36.363+0400: [System.gc() (Allocation Failure) 193M->12M(4096M), 0.018 secs]
2025-10-01T00:03:37.368+0400: [GC (Allocation Failure) 22M->409M(4096M), 0.024 secs]
2025-10-01T00:03:39.378+0400: [GC (Allocation Failure) 50M->409M(4096M), 0.013 secs]
2025-10-01T00:03:41.380+0400: [Full GC (System.gc()) 31M->409M(4096M), 0.255 secs]
2025-10-01T00:03:41.380+0400: [GC (Allocation Failure) 31M->409M(4096M), 0.049 secs]
2025-10-01T00:03:43.386+0400: [GC (Allocation Failure) 57M->409M(4096M), 0.016 secs]
2025-10-01T00:03:45.412+0400: [System.gc() (Allocation Failure) 62M->5M(4096M), 0.015 secs]
2025-10-01T00:03:47.450+0400: [GC (Allocation Failure) 29M->409M(4096M), 0.007 secs]
2025-10-01T00:03:49.456+0400: [GC (Allocation Failure) 29M->409M(4096M), 0.049 secs]
2025-10-01T00:03:50.461+0400: [Full GC (System.gc()) 35M->409M(4096M), 0.357 secs]
2025-10-01T00:03:51.463+0400: [GC (Allocation Failure) 23M->409M(4096M), 0.069 secs]
2025-10-01T00:03:53.471+0400: [GC (Allocation Failure) 33M->409M(4096M), 0.009 secs]
2025-10-01T00:03:55.476+0400: [GC (Allocation Failure) 42M->409M(4096M), 0.040 secs]
2025-10-01T00:03:55.477+0400: [GC (Allocation Failure) 42M->409M(4096M), 0.080 secs]
2025-10-01T00:03:57.484+0400: [Full GC (System.gc()) 48M->409M(4096M), 0.313 secs]
2025-10-01T00:03:59.491+0400: [GC (Allocation Failure) 82M->409M(4096M), 0.043 secs]
2025-10-01T00:04:00.497+0400: [GC (Allocation Failure) 82M->409M(4096M), 0.082 secs]
2025-10-01T00:04:00.513+0400: [System.gc() (Allocation Failure) 82M->4M(4096M), 0.016 secs]
2025-10-01T00:04:01.519+0400: [GC (Allocation Failure) 4M->409M(4096M), 0.002 secs]
2025-10-01T00:04:03.529+0400: [GC (Allocation Failure) 4M->409M(4096M), 0.043 secs]
2025-10-01T00:04:05.538+0400: [Full GC (System.gc()) 4M->409M(4096M), 0.181 secs]
2025-10-01T00:04:05.539+0400: [GC (Allocation Failure) 4M->409M(4096M), 0.041 secs]
2025-10-01T00:04:07.545+0400: [GC (Allocation Failure) 4M->409M(4096M), 0.035 secs]
2025-10-01T00:04:09.551+0400: [GC (Allocation Failure) 4M->409M(4096M), 0.005 secs]
2025-10-01T00:04:10.557+0400: [GC (Allocation Failure) 4M->409M(4096M), 0.002 secs]
2025-10-01T00:04:11.562+0400: [Full GC (System.gc()) 4M->409M(4096M), 0.169 secs]
2025-10-01T00:04:13.565+0400: [GC (Allocation Failure) 4M->409M(4096M), 0.043 secs]
2025-10-01T00:04:15.573+0400: [GC (Allocation Failure) 4M->409M(4096M), 0.016 secs]
2025-10-01T00:04:15.574+0400: [GC (Allocation Failure) 4M->409M(4096M), 0.036 secs]
2025-10-01T00:04:15.592+0400: [System.gc() (Allocation Failure) 4M->4M(4096M), 0.018 secs]
2025-10-01T00:04:17.603+0400: [GC (Allocation Failure) 4M->409M(4096M), 0.059 secs]
2025-10-01T00:04:19.608+0400: [Full GC (System.gc()) 4M->409M(4096M), 0.232 secs]
2025-10-01T00:04:20.614+0400: [GC (Allocation Failure) 4M->409M(4096M), 0.018 secs]
2025-10-01T00:04:21.615+0400: [GC (Allocation Failure) 4M->409M(4096M), 0.054 secs]
2025-10-01T00:04:23.619+0400: [GC (Allocation Failure) 4M->409M(4096M), 0.006 secs]
2025-10-01T00:04:25.630+0400: [GC (Allocation Failure) 4M->409M(4096M), 0.012 secs]
2025-10-01T00:04:25.630+0400: [Full GC (System.gc()) 4M->409M(4096M), 0.330 secs]
2025-10-01T00:04:27.640+0400: [GC (Allocation Failure) 4M->409M(4096M), 0.002 secs]
2025-10-01T00:04:29.647+0400: [GC (Allocation Failure) 4M->409M(4096M), 0.008 secs]
2025-10-01T00:04:30.652+0400: [GC (Allocation Failure) 4M->409M(4096M), 0.051 secs]
2025-10-01T00:04:30.666+0400: [System.gc() (Allocation Failure) 4M->4M(4096M), 0.014 secs]
2025-10-01T00:04:31.671+0400: [GC (Allocation Failure) 4M->409M(4096M), 0.009 secs]
2025-10-01T00:04:33.682+0400: [Full GC (System.gc()) 4M->409M(4096M), 0.142 secs]
2025-10-01T00:04:35.693+0400: [GC (Allocation Failure) 4M->409M(4096M), 0.029 secs]
2025-10-01T00:04:35.693+0400: [GC (Allocation Failure) 4M->409M(4096M), 0.010 secs]
2025-10-01T00:04:37.698+0400: [GC (Allocation Failure) 4M->409M(4096M), 0.031 secs]
2025-10-01T00:04:39.709+0400: [GC (Allocation Failure) 4M->409M(4096M), 0.053 secs]
2025-10-01T00:04:40.713+0400: [Full GC (System.gc()) 4M->409M(4096M), 0.139 secs]
2025-10-01T00:04:41.719+0400: [GC (Allocation Failure) 4M->409M(4096M), 0.029 secs]
2025-10-01T00:04:43.725+0400: [GC (Allocation Failure) 4M->409M(4096M), 0.064 secs]
2025-10-01T00:04:45.731+0400: [GC (Allocation Failure) 4M->409M(4096M), 0.034 secs]
2025-10-01T00:04:45.732+0400: [GC (Allocation Failure) 4M->409M(4096M), 0.014 secs]
2025-10-01T00:04:45.762+0400: [System.gc() (Allocation Failure) 4M->4M(4096M), 0.030 secs]
2025-10-01T00:04:47.772+0400: [Full GC (System.gc()) 4M->409M(4096M), 0.178 secs]
2025-10-01T00:04:49.779+0400: [GC (Allocation Failure) 4M->409M(4096M), 0.036 secs]
2025-10-01T00:04:50.785+0400: [GC (Allocation Failure) 4M->409M(4096M), 0.002 secs]
2025-10-01T00:04:51.789+0400: [GC (Allocation Failure) 4M->409M(4096M), 0.041 secs]
2025-10-01T00:04:53.797+0400: [GC (Allocation Failure) 4M->409M(4096M), 0.002 secs]
2025-10-01T00:04:55.804+0400: [Full GC (System.gc()) 4M->409M(4096M), 0.469 secs]
2025-10-01T00:04:55.804+0400: [GC (Allocation Failure) 4M->409M(4096M), 0.058 secs]
2025-10-01T00:04:57.815+0400: [GC (Allocation Failure) 4M->409M(4096M), 0.037 secs]
2025-10-01T00:04:59.822+0400: [GC (Allocation Failure) 4M->409M(4096M), 0.025 secs]
2025-10-01T00:05:00.827+0400: [GC (Allocation Failure) 4M->409M(4096M), 0.047 secs]
2025-10-01T00:05:00.846+0400: [System.gc() (Allocation Failure) 4M->4M(4096M), 0.019 secs]
2025-10-01T00:05:01.848+0400: [Full GC (System.gc()) 4M->409M(4096M), 0.282 secs]
2025-10-01T00:05:03.856+0400: [GC (Allocation Failure) 4M->409M(4096M), 0.002 secs]
2025-10-01T00:05:05.866+0400: [GC (Allocation Failure) 4M->409M(4096M), 0.084 secs]
2025-10-01T00:05:05.866+0400: [GC (Allocation Failure) 4M->409M(4096M), 0.033 secs]
2025-10-01T00:05:07.877+0400: [GC (Allocation Failure) 4M->409M(4096M), 0.002 secs]
2025-10-01T00:05:09.884+0400: [Full GC (System.gc()) 4M->409M(4096M), 0.324 secs]
2025-10-01T00:05:10.885+0400: [GC (Allocation Failure) 4M->409M(4096M), 0.011 secs]
2025-10-01T00:05:11.890+0400: [GC (Allocation Failure) 4M->409M(4096M), 0.014 secs]
2025-10-01T00:05:13.900+0400: [GC (Allocation Failure) 4M->409M(4096M), 0.031 secs]
2025-10-01T00:05:15.907+0400: [GC (Allocation Failure) 4M->409M(4096M), 0.021 secs]
2025-10-01T00:05:15.907+0400: [Full GC (System.gc()) 4M->409M(4096M), 0.474 secs]
2025-10-01T00:05:15.937+0400: [System.gc() (Allocation Failure) 4M->4M(4096M), 0.030 secs]
2025-10-01T00:05:17.947+0400: [GC (Allocation Failure) 10M->409M(4096M), 0.093 secs]
2025-10-01T00:05:18.969+0400: [System.gc() (Allocation Failure) 48M->5M(4096M), 0.016 secs]
2025-10-01T00:06:53.238+0400: [GC (Allocation Failure) 67M->409M(4096M), 0.027 secs]
2025-10-01T00:06:53.646+0400: [GC (Allocation Failure) 8M->409M(4096M), 0.038 secs]
2025-10-01T00:06:53.851+0400: [GC (Allocation Failure) 8M->409M(4096M), 0.073 secs]
2025-10-01T00:06:54.053+0400: [Full GC (System.gc()) 10M->409M(4096M), 0.227 secs]
2025-10-01T00:06:54.463+0400: [GC (Allocation Failure) 12M->409M(4096M), 0.042 secs]
2025-10-01T00:06:54.872+0400: [GC (Allocation Failure) 14M->409M(4096M), 0.028 secs]
2025-10-01T00:06:54.873+0400: [GC (Allocation Failure) 14M->409M(4096M), 0.038 secs]
2025-10-01T00:06:55.284+0400: [GC (Allocation Failure) 18M->409M(4096M), 0.020 secs]
2025-10-01T00:06:55.687+0400: [Full GC (System.gc()) 20M->409M(4096M), 0.439 secs]
2025-10-01T00:06:55.893+0400: [GC (Allocation Failure) 22M->409M(4096M), 0.041 secs]
2025-10-01T00:06:55.911+0400: [System.gc() (Allocation Failure) 22M->16M(4096M), 0.017 secs]
2025-10-01T00:06:56.117+0400: [GC (Allocation Failure) 16M->409M(4096M), 0.011 secs]
2025-10-01T00:06:56.524+0400: [GC (Allocation Failure) 18M->409M(4096M), 0.017 secs]
2025-10-01T00:06:56.929+0400: [GC (Allocation Failure) 22M->409M(4096M), 0.007 secs]
2025-10-01T00:06:56.930+0400: [Full GC (System.gc()) 22M->409M(4096M), 0.201 secs]
2025-10-01T00:06:57.339+0400: [GC (Allocation Failure) 30M->409M(4096M), 0.012 secs]
2025-10-01T00:06:57.747+0400: [GC (Allocation Failure) 38M->409M(4096M), 0.022 secs]
2025-10-01T00:06:57.951+0400: [GC (Allocation Failure) 38M->409M(4096M), 0.025 secs]
2025-10-01T00:06:58.157+0400: [GC (Allocation Failure) 38M->409M(4096M), 0.058 secs]
2025-10-01T00:06:58.560+0400: [Full GC (System.gc()) 48M->409M(4096M), 0.165 secs]
2025-10-01T00:06:58.971+0400: [GC (Allocation Failure) 56M->409M(4096M), 0.045 secs]
2025-10-01T00:06:58.971+0400: [GC (Allocation Failure) 56M->409M(4096M), 0.023 secs]
2025-10-01T00:06:58.978+0400: [System.gc() (Allocation Failure) 56M->35M(4096M), 0.007 secs]
2025-10-01T00:06:59.388+0400: [GC (Allocation Failure) 41M->409M(4096M), 0.009 secs]
2025-10-01T00:06:59.799+0400: [GC (Allocation Failure) 70M->409M(4096M), 0.016 secs]
2025-10-01T00:07:00.006+0400: [Full GC (System.gc()) 72M->409M(4096M), 0.426 secs]
2025-10-01T00:07:00.213+0400: [GC (Allocation Failure) 77M->409M(4096M), 0.027 secs]
2025-10-01T00:07:00.621+0400: [GC (Allocation Failure) 77M->409M(4096M), 0.009 secs]
2025-10-01T00:07:01.027+0400: [GC (Allocation Failure) 79M->409M(4096M), 0.005 secs]
2025-10-01T00:07:01.027+0400: [GC (Allocation Failure) 79M->409M(4096M), 0.040 secs]
2025-10-01T00:07:01.439+0400: [Full GC (System.gc()) 53M->409M(4096M), 0.461 secs]
2025-10-01T00:07:01.844+0400: [GC (Allocation Failure) 55M->409M(4096M), 0.085 secs]
2025-10-01T00:07:02.049+0400: [GC (Allocation Failure) 57M->409M(4096M), 0.011 secs]
2025-10-01T00:07:02.065+0400: [System.gc() (Allocation Failure) 57M->39M(4096M), 0.015 secs]
2025-10-01T00:07:02.267+0400: [GC (Allocation Failure) 39M->409M(4096M), 0.028 secs]
2025-10-01T00:07:02.674+0400: [GC (Allocation Failure) 53M->409M(4096M), 0.087 secs]
2025-10-01T00:07:03.085+0400: [Full GC (System.gc()) 55M->409M(4096M), 0.219 secs]
2025-10-01T00:07:03.085+0400: [GC (Allocation Failure) 55M->409M(4096M), 0.032 secs]
2025-10-01T00:07:03.496+0400: [GC (Allocation Failure) 57M->409M(4096M), 0.039 secs]
2025-10-01T00:07:03.907+0400: [GC (Allocation Failure) 61M->409M(4096M), 0.018 secs]
2025-10-01T00:07:04.113+0400: [GC (Allocation Failure) 61M->409M(4096M), 0.021 secs]
2025-10-01T00:07:04.319+0400: [Full GC (System.gc()) 63M->409M(4096M), 0.174 secs]
2025-10-01T00:07:04.728+0400: [GC (Allocation Failure) 67M->409M(4096M), 0.044 secs]
2025-10-01T00:07:05.135+0400: [GC (Allocation Failure) 69M->409M(4096M), 0.017 secs]
2025-10-01T00:07:05.135+0400: [GC (Allocation Failure) 69M->409M(4096M), 0.022 secs]
2025-10-01T00:07:05.153+0400: [System.gc() (Allocation Failure) 69M->50M(4096M), 0.017 secs]
2025-10-01T00:07:05.564+0400: [GC (Allocation Failure) 50M->409M(4096M), 0.008 secs]
2025-10-01T00:07:05.971+0400: [Full GC (System.gc()) 52M->409M(4096M), 0.405 secs]
2025-10-01T00:07:06.177+0400: [GC (Allocation Failure) 54M->409M(4096M), 0.093 secs]
2025-10-01T00:07:06.382+0400: [GC (Allocation Failure) 56M->409M(4096M), 0.025 secs]
2025-10-01T00:07:06.789+0400: [GC (Allocation Failure) 58M->409M(4096M), 0.040 secs]
2025-10-01T00:07:07.196+0400: [GC (Allocation Failure) 62M->409M(4096M), 0.058 secs]
2025-10-01T00:07:07.196+0400: [Full GC (System.gc()) 62M->409M(4096M), 0.127 secs]
2025-10-01T00:07:07.602+0400: [GC (Allocation Failure) 65M->409M(4096M), 0.013 secs]
2025-10-01T00:07:08.013+0400: [GC (Allocation Failure) 67M->409M(4096M), 0.080 secs]
2025-10-01T00:07:08.218+0400: [GC (Allocation Failure) 67M->409M(4096M), 0.042 secs]
2025-10-01T00:07:08.238+0400: [System.gc() (Allocation Failure) 67M->61M(4096M), 0.019 secs]
2025-10-01T00:07:08.443+0400: [GC (Allocation Failure) 61M->409M(4096M), 0.040 secs]
2025-10-01T00:07:08.854+0400: [Full GC (System.gc()) 63M->409M(4096M), 0.260 secs]
2025-10-01T00:07:09.263+0400: [GC (Allocation Failure) 65M->409M(4096M), 0.045 secs]
2025-10-01T00:07:09.264+0400: [GC (Allocation Failure) 65M->409M(4096M), 0.017 secs]
2025-10-01T00:07:09.671+0400: [GC (Allocation Failure) 67M->409M(4096M), 0.020 secs]
2025-10-01T00:07:10.081+0400: [GC (Allocation Failure) 71M->409M(4096M), 0.047 secs]
2025-10-01T00:07:10.284+0400: [Full GC (System.gc()) 73M->409M(4096M), 0.334 secs]
2025-10-01T00:07:10.485+0400: [GC (Allocation Failure) 73M->409M(4096M), 0.043 secs]
2025-10-01T00:07:10.898+0400: [GC (Allocation Failure) 80M->409M(4096M), 0.033 secs]
2025-10-01T00:07:11.309+0400: [GC (Allocation Failure) 80M->409M(4096M), 0.003 secs]
2025-10-01T00:07:11.310+0400: [GC (Allocation Failure) 80M->409M(4096M), 0.082 secs]
2025-10-01T00:07:11.328+0400: [System.gc() (Allocation Failure) 80M->73M(4096M), 0.018 secs]
2025-10-01T00:07:11.740+0400: [Full GC (System.gc()) 73M->409M(4096M), 0.349 secs]
2025-10-01T00:07:12.151+0400: [GC (Allocation Failure) 75M->409M(4096M), 0.018 secs]
2025-10-01T00:07:12.356+0400: [GC (Allocation Failure) 77M->409M(4096M), 0.041 secs]
2025-10-01T00:07:12.561+0400: [GC (Allocation Failure) 79M->409M(4096M), 0.002 secs]
2025-10-01T00:07:12.972+0400: [GC (Allocation Failure) 81M->409M(4096M), 0.006 secs]
2025-10-01T00:07:13.383+0400: [Full GC (System.gc()) 85M->409M(4096M), 0.360 secs]
2025-10-01T00:07:13.384+0400: [GC (Allocation Failure) 85M->409M(4096M), 0.028 secs]
2025-10-01T00:07:13.788+0400: [GC (Allocation Failure) 87M->409M(4096M), 0.045 secs]
2025-10-01T00:07:14.194+0400: [GC (Allocation Failure) 91M->409M(4096M), 0.093 secs]
2025-10-01T00:07:14.400+0400: [GC (Allocation Failure) 91M->409M(4096M), 0.039 secs]
2025-10-01T00:07:14.412+0400: [System.gc() (Allocation Failure) 91M->84M(4096M), 0.012 secs]
2025-10-01T00:07:14.617+0400: [Full GC (System.gc()) 84M->409M(4096M), 0.314 secs]
2025-10-01T00:07:15.025+0400: [GC (Allocation Failure) 86M->409M(4096M), 0.027 secs]
2025-10-01T00:07:15.436+0400: [GC (Allocation Failure) 88M->409M(4096M), 0.003 secs]
2025-10-01T00:07:15.436+0400: [GC (Allocation Failure) 88M->409M(4096M), 0.005 secs]
2025-10-01T00:07:15.846+0400: [GC (Allocation Failure) 90M->409M(4096M), 0.098 secs]
2025-10-01T00:07:16.257+0400: [Full GC (System.gc()) 94M->409M(4096M), 0.454 secs]
2025-10-01T00:07:16.461+0400: [GC (Allocation Failure) 96M->409M(4096M), 0.002 secs]
2025-10-01T00:07:16.667+0400: [GC (Allocation Failure) 96M->409M(4096M), 0.051 secs]
2025-10-01T00:07:17.072+0400: [GC (Allocation Failure) 100M->409M(4096M), 0.019 secs]
2025-10-01T00:07:17.483+0400: [GC (Allocation Failure) 102M->409M(4096M), 0.029 secs]
2025-10-01T00:07:17.483+0400: [Full GC (System.gc()) 102M->409M(4096M), 0.243 secs]
2025-10-01T00:07:17.501+0400: [System.gc() (Allocation Failure) 102M->95M(4096M), 0.018 secs]
2025-10-01T00:07:17.909+0400: [GC (Allocation Failure) 95M->409M(4096M), 0.039 secs]
2025-10-01T00:07:18.318+0400: [GC (Allocation Failure) 97M->409M(4096M), 0.002 secs]
2025-10-01T00:07:18.524+0400: [GC (Allocation Failure) 99M->409M(4096M), 0.086 secs]
2025-10-01T00:07:18.729+0400: [GC (Allocation Failure) 101M->409M(4096M), 0.007 secs]
2025-10-01T00:07:19.139+0400: [Full GC (System.gc()) 145M->409M(4096M), 0.400 secs]
2025-10-01T00:07:19.547+0400: [GC (Allocation Failure) 189M->409M(4096M), 0.061 secs]
2025-10-01T00:07:19.547+0400: [GC (Allocation Failure) 189M->409M(4096M), 0.020 secs]
2025-10-01T00:07:19.960+0400: [GC (Allocation Failure) 243M->409M(4096M), 0.035 secs]
2025-10-01T00:07:20.373+0400: [GC (Allocation Failure) 143M->409M(4096M), 0.009 secs]
2025-10-01T00:07:20.579+0400: [Full GC (System.gc()) 143M->409M(4096M), 0.394 secs]
2025-10-01T00:07:20.594+0400: [System.gc() (Allocation Failure) 143M->106M(4096M), 0.014 secs]
2025-10-01T00:07:20.799+0400: [GC (Allocation Failure) 106M->409M(4096M), 0.038 secs]
2025-10-01T00:07:21.210+0400: [GC (Allocation Failure) 108M->409M(4096M), 0.063 secs]
2025-10-01T00:07:21.617+0400: [GC (Allocation Failure) 110M->409M(4096M), 0.045 secs]
2025-10-01T00:07:21.618+0400: [GC (Allocation Failure) 110M->409M(4096M), 0.005 secs]
2025-10-01T00:07:22.027+0400: [Full GC (System.gc()) 139M->409M(4096M), 0.272 secs]
2025-10-01T00:07:22.435+0400: [GC (Allocation Failure) 147M->409M(4096M), 0.043 secs]
2025-10-01T00:07:22.640+0400: [GC (Allocation Failure) 149M->409M(4096M), 0.015 secs]
2025-10-01T00:07:22.842+0400: [GC (Allocation Failure) 153M->409M(4096M), 0.012 secs]
2025-10-01T00:07:23.247+0400: [GC (Allocation Failure) 161M->409M(4096M), 0.014 secs]
2025-10-01T00:07:23.658+0400: [Full GC (System.gc()) 169M->409M(4096M), 0.323 secs]
2025-10-01T00:07:23.658+0400: [GC (Allocation Failure) 169M->409M(4096M), 0.037 secs]
2025-10-01T00:07:23.669+0400: [System.gc() (Allocation Failure) 169M->125M(4096M), 0.011 secs]
2025-10-01T00:07:24.076+0400: [GC (Allocation Failure) 131M->409M(4096M), 0.027 secs]
2025-10-01T00:07:24.300+0400: [System.gc() (Allocation Failure) 144M->5M(4096M), 0.019 secs]
2025-10-01T00:07:25.270+0400: [GC (Allocation Failure) 31M->409M(4096M), 0.003 secs]
2025-10-01T00:07:25.675+0400: [GC (Allocation Failure) 33M->409M(4096M), 0.033 secs]
2025-10-01T00:07:25.875+0400: [Full GC (System.gc()) 35M->409M(4096M), 0.452 secs]
2025-10-01T00:07:26.081+0400: [GC (Allocation Failure) 35M->409M(4096M), 0.013 secs]
2025-10-01T00:07:26.488+0400: [GC (Allocation Failure) 39M->409M(4096M), 0.005 secs]
2025-10-01T00:07:26.896+0400: [GC (Allocation Failure) 41M->409M(4096M), 0.032 secs]
2025-10-01T00:07:26.896+0400: [GC (Allocation Failure) 41M->409M(4096M), 0.021 secs]
2025-10-01T00:07:27.301+0400: [Full GC (System.gc()) 40M->409M(4096M), 0.174 secs]
2025-10-01T00:07:27.711+0400: [GC (Allocation Failure) 40M->409M(4096M), 0.018 secs]
2025-10-01T00:07:27.917+0400: [GC (Allocation Failure) 42M->409M(4096M), 0.002 secs]
2025-10-01T00:07:27.925+0400: [System.gc() (Allocation Failure) 42M->16M(4096M), 0.008 secs]
2025-10-01T00:07:28.129+0400: [GC (Allocation Failure) 16M->409M(4096M), 0.081 secs]
2025-10-01T00:07:28.539+0400: [GC (Allocation Failure) 42M->409M(4096M), 0.003 secs]
2025-10-01T00:07:28.950+0400: [Full GC (System.gc()) 46M->409M(4096M), 0.289 secs]
2025-10-01T00:07:28.950+0400: [GC (Allocation Failure) 46M->409M(4096M), 0.022 secs]
2025-10-01T00:07:29.359+0400: [GC (Allocation Failure) 48M->409M(4096M), 0.033 secs]
2025-10-01T00:07:29.764+0400: [GC (Allocation Failure) 52M->409M(4096M), 0.040 secs]
2025-10-01T00:07:29.967+0400: [GC (Allocation Failure) 52M->409M(4096M), 0.083 secs]
2025-10-01T00:07:30.172+0400: [Full GC (System.gc()) 54M->409M(4096M), 0.290 secs]
2025-10-01T00:07:30.579+0400: [GC (Allocation Failure) 56M->409M(4096M), 0.036 secs]
2025-10-01T00:07:30.994+0400: [GC (Allocation Failure) 59M->409M(4096M), 0.036 secs]
2025-10-01T00:07:30.994+0400: [GC (Allocation Failure) 59M->409M(4096M), 0.026 secs]
2025-10-01T00:07:31.008+0400: [System.gc() (Allocation Failure) 59M->27M(4096M), 0.014 secs]
2025-10-01T00:07:31.414+0400: [GC (Allocation Failure) 27M->409M(4096M), 0.041 secs]
2025-10-01T00:07:31.825+0400: [Full GC (System.gc()) 29M->409M(4096M), 0.337 secs]
2025-10-01T00:07:32.031+0400: [GC (Allocation Failure) 31M->409M(4096M), 0.028 secs]
2025-10-01T00:07:32.232+0400: [GC (Allocation Failure) 33M->409M(4096M), 0.009 secs]
2025-10-01T00:07:32.643+0400: [GC (Allocation Failure) 35M->409M(4096M), 0.036 secs]
2025-10-01T00:07:33.050+0400: [GC (Allocation Failure) 39M->409M(4096M), 0.003 secs]
2025-10-01T00:07:33.050+0400: [Full GC (System.gc()) 39M->409M(4096M), 0.407 secs]
2025-10-01T00:07:33.460+0400: [GC (Allocation Failure) 41M->409M(4096M), 0.040 secs]
2025-10-01T00:07:33.865+0400: [GC (Allocation Failure) 58M->409M(4096M), 0.035 secs]
2025-10-01T00:07:34.067+0400: [GC (Allocation Failure) 60M->409M(4096M), 0.002 secs]
2025-10-01T00:07:34.085+0400: [System.gc() (Allocation Failure) 60M->39M(4096M), 0.017 secs]
2025-10-01T00:07:34.286+0400: [GC (Allocation Failure) 39M->409M(4096M), 0.036 secs]
2025-10-01T00:07:34.691+0400: [Full GC (System.gc()) 41M->409M(4096M), 0.345 secs]
2025-10-01T00:07:35.101+0400: [GC (Allocation Failure) 43M->409M(4096M), 0.046 secs]
2025-10-01T00:07:35.102+0400: [GC (Allocation Failure) 43M->409M(4096M), 0.009 secs]
2025-10-01T00:07:35.512+0400: [GC (Allocation Failure) 45M->409M(4096M), 0.049 secs]
2025-10-01T00:07:35.920+0400: [GC (Allocation Failure) 49M->409M(4096M), 0.014 secs]
2025-10-01T00:07:36.122+0400: [Full GC (System.gc()) 51M->409M(4096M), 0.335 secs]
2025-10-01T00:07:36.328+0400: [GC (Allocation Failure) 51M->409M(4096M), 0.002 secs]
2025-10-01T00:07:36.735+0400: [GC (Allocation Failure) 55M->409M(4096M), 0.009 secs]
2025-10-01T00:07:37.142+0400: [GC (Allocation Failure) 57M->409M(4096M), 0.040 secs]
2025-10-01T00:07:37.142+0400: [GC (Allocation Failure) 57M->409M(4096M), 0.025 secs]
2025-10-01T00:07:37.150+0400: [System.gc() (Allocation Failure) 57M->50M(4096M), 0.007 secs]
2025-10-01T00:07:37.551+0400: [Full GC (System.gc()) 50M->409M(4096M), 0.393 secs]
2025-10-01T00:07:37.957+0400: [GC (Allocation Failure) 52M->409M(4096M), 0.005 secs]
2025-10-01T00:07:38.163+0400: [GC (Allocation Failure) 54M->409M(4096M), 0.015 secs]
2025-10-01T00:07:38.368+0400: [GC (Allocation Failure) 56M->409M(4096M), 0.042 secs]
2025-10-01T00:07:38.775+0400: [GC (Allocation Failure) 58M->409M(4096M), 0.026 secs]
2025-10-01T00:07:39.181+0400: [Full GC (System.gc()) 62M->409M(4096M), 0.435 secs]
2025-10-01T00:07:39.181+0400: [GC (Allocation Failure) 62M->409M(4096M), 0.044 secs]
2025-10-01T00:07:39.585+0400: [GC (Allocation Failure) 64M->409M(4096M), 0.073 secs]
2025-10-01T00:07:39.991+0400: [GC (Allocation Failure) 68M->409M(4096M), 0.013 secs]
2025-10-01T00:07:40.195+0400: [GC (Allocation Failure) 68M->409M(4096M), 0.046 secs]
2025-10-01T00:07:40.205+0400: [System.gc() (Allocation Failure) 68M->62M(4096M), 0.010 secs]
2025-10-01T00:07:40.410+0400: [Full GC (System.gc()) 62M->409M(4096M), 0.368 secs]
2025-10-01T00:07:40.818+0400: [GC (Allocation Failure) 64M->409M(4096M), 0.028 secs]
2025-10-01T00:07:41.223+0400: [GC (Allocation Failure) 92M->409M(4096M), 0.032 secs]
2025-10-01T00:07:41.224+0400: [GC (Allocation Failure) 92M->409M(4096M), 0.078 secs]
2025-10-01T00:07:41.635+0400: [GC (Allocation Failure) 100M->409M(4096M), 0.020 secs]
2025-10-01T00:07:42.045+0400: [Full GC (System.gc()) 105M->409M(4096M), 0.390 secs]
2025-10-01T00:07:42.249+0400: [GC (Allocation Failure) 109M->409M(4096M), 0.065 secs]
2025-10-01T00:07:42.460+0400: [System.gc() (Allocation Failure) 106M->5M(4096M), 0.009 secs]
2025-10-01T00:07:43.355+0400: [GC (Allocation Failure) 31M->409M(4096M), 0.007 secs]
2025-10-01T00:07:43.765+0400: [GC (Allocation Failure) 33M->409M(4096M), 0.015 secs]
2025-10-01T00:07:43.967+0400: [GC (Allocation Failure) 35M->409M(4096M), 0.077 secs]
2025-10-01T00:07:44.172+0400: [Full GC (System.gc()) 35M->409M(4096M), 0.155 secs]
2025-10-01T00:07:44.581+0400: [GC (Allocation Failure) 36M->409M(4096M), 0.017 secs]
2025-10-01T00:07:44.992+0400: [GC (Allocation Failure) 36M->409M(4096M), 0.038 secs]
2025-10-01T00:07:44.992+0400: [GC (Allocation Failure) 36M->409M(4096M), 0.049 secs]
2025-10-01T00:07:45.402+0400: [GC (Allocation Failure) 15M->409M(4096M), 0.004 secs]
2025-10-01T00:07:45.812+0400: [Full GC (System.gc()) 17M->409M(4096M), 0.184 secs]
2025-10-01T00:07:46.018+0400: [GC (Allocation Failure) 19M->409M(4096M), 0.004 secs]
2025-10-01T00:07:46.038+0400: [System.gc() (Allocation Failure) 19M->17M(4096M), 0.019 secs]
2025-10-01T00:07:46.242+0400: [GC (Allocation Failure) 17M->409M(4096M), 0.026 secs]
2025-10-01T00:07:46.648+0400: [GC (Allocation Failure) 19M->409M(4096M), 0.093 secs]
2025-10-01T00:07:47.055+0400: [GC (Allocation Failure) 23M->409M(4096M), 0.011 secs]
2025-10-01T00:07:47.055+0400: [Full GC (System.gc()) 23M->409M(4096M), 0.218 secs]
2025-10-01T00:07:47.465+0400: [GC (Allocation Failure) 31M->409M(4096M), 0.086 secs]
2025-10-01T00:07:47.875+0400: [GC (Allocation Failure) 40M->409M(4096M), 0.039 secs]
2025-10-01T00:07:48.080+0400: [GC (Allocation Failure) 42M->409M(4096M), 0.012 secs]
2025-10-01T00:07:48.284+0400: [GC (Allocation Failure) 45M->409M(4096M), 0.059 secs]
2025-10-01T00:07:48.690+0400: [Full GC (System.gc()) 53M->409M(4096M), 0.472 secs]
2025-10-01T00:07:49.097+0400: [GC (Allocation Failure) 53M->409M(4096M), 0.033 secs]
2025-10-01T00:07:49.097+0400: [GC (Allocation Failure) 53M->409M(4096M), 0.063 secs]
2025-10-01T00:07:49.117+0400: [System.gc() (Allocation Failure) 53M->35M(4096M), 0.019 secs]
2025-10-01T00:07:49.526+0400: [GC (Allocation Failure) 41M->409M(4096M), 0.040 secs]
2025-10-01T00:07:49.935+0400: [GC (Allocation Failure) 48M->409M(4096M), 0.044 secs]
2025-10-01T00:07:50.141+0400: [Full GC (System.gc()) 52M->409M(4096M), 0.367 secs]
2025-10-01T00:07:50.346+0400: [GC (Allocation Failure) 56M->409M(4096M), 0.047 secs]
2025-10-01T00:07:50.756+0400: [GC (Allocation Failure) 64M->409M(4096M), 0.009 secs]
2025-10-01T00:07:51.163+0400: [GC (Allocation Failure) 72M->409M(4096M), 0.056 secs]
2025-10-01T00:07:51.164+0400: [GC (Allocation Failure) 72M->409M(4096M), 0.030 secs]
2025-10-01T00:07:51.575+0400: [Full GC (System.gc()) 78M->409M(4096M), 0.166 secs]
2025-10-01T00:07:51.985+0400: [GC (Allocation Failure) 72M->409M(4096M), 0.061 secs]
2025-10-01T00:07:52.190+0400: [GC (Allocation Failure) 76M->409M(4096M), 0.008 secs]
2025-10-01T00:07:52.209+0400: [System.gc() (Allocation Failure) 76M->46M(4096M), 0.019 secs]
2025-10-01T00:07:52.412+0400: [GC (Allocation Failure) 48M->409M(4096M), 0.002 secs]
2025-10-01T00:07:52.823+0400: [GC (Allocation Failure) 56M->409M(4096M), 0.005 secs]
2025-10-01T00:07:53.233+0400: [Full GC (System.gc()) 64M->409M(4096M), 0.435 secs]
2025-10-01T00:07:53.233+0400: [GC (Allocation Failure) 64M->409M(4096M), 0.005 secs]
2025-10-01T00:07:53.643+0400: [GC (Allocation Failure) 73M->409M(4096M), 0.040 secs]
2025-10-01T00:07:54.050+0400: [GC (Allocation Failure) 89M->409M(4096M), 0.032 secs]
2025-10-01T00:07:54.252+0400: [GC (Allocation Failure) 91M->409M(4096M), 0.009 secs]
2025-10-01T00:07:54.458+0400: [Full GC (System.gc()) 91M->409M(4096M), 0.228 secs]
2025-10-01T00:07:54.862+0400: [GC (Allocation Failure) 95M->409M(4096M), 0.042 secs]
2025-10-01T00:07:55.272+0400: [GC (Allocation Failure) 97M->409M(4096M), 0.035 secs]
2025-10-01T00:07:55.273+0400: [GC (Allocation Failure) 97M->409M(4096M), 0.008 secs]
2025-10-01T00:07:55.290+0400: [System.gc() (Allocation Failure) 97M->50M(4096M), 0.017 secs]
2025-10-01T00:07:55.699+0400: [GC (Allocation Failure) 50M->409M(4096M), 0.025 secs]
2025-10-01T00:07:56.109+0400: [Full GC (System.gc()) 54M->409M(4096M), 0.231 secs]
2025-10-01T00:07:56.310+0400: [GC (Allocation Failure) 54M->409M(4096M), 0.005 secs]
2025-10-01T00:07:56.515+0400: [GC (Allocation Failure) 56M->409M(4096M), 0.017 secs]
2025-10-01T00:07:56.923+0400: [GC (Allocation Failure) 70M->409M(4096M), 0.040 secs]
2025-10-01T00:07:57.331+0400: [GC (Allocation Failure) 74M->409M(4096M), 0.044 secs]
2025-10-01T00:07:57.332+0400: [Full GC (System.gc()) 74M->409M(4096M), 0.472 secs]
2025-10-01T00:07:57.735+0400: [GC (Allocation Failure) 76M->409M(4096M), 0.042 secs]
2025-10-01T00:07:58.143+0400: [GC (Allocation Failure) 78M->409M(4096M), 0.091 secs]
2025-10-01T00:07:58.348+0400: [GC (Allocation Failure) 80M->409M(4096M), 0.047 secs]
2025-10-01T00:07:58.369+0400: [System.gc() (Allocation Failure) 80M->61M(4096M), 0.021 secs]
2025-10-01T00:07:58.575+0400: [GC (Allocation Failure) 61M->409M(4096M), 0.046 secs]
2025-10-01T00:07:58.982+0400: [Full GC (System.gc()) 63M->409M(4096M), 0.340 secs]
2025-10-01T00:07:59.392+0400: [GC (Allocation Failure) 65M->409M(4096M), 0.031 secs]
2025-10-01T00:07:59.393+0400: [GC (Allocation Failure) 65M->409M(4096M), 0.011 secs]
2025-10-01T00:07:59.801+0400: [GC (Allocation Failure) 69M->409M(4096M), 0.029 secs]
2025-10-01T00:08:00.207+0400: [GC (Allocation Failure) 71M->409M(4096M), 0.018 secs]
2025-10-01T00:08:00.410+0400: [Full GC (System.gc()) 73M->409M(4096M), 0.240 secs]
2025-10-01T00:08:00.612+0400: [GC (Allocation Failure) 75M->409M(4096M), 0.051 secs]
2025-10-01T00:08:01.022+0400: [GC (Allocation Failure) 77M->409M(4096M), 0.021 secs]
2025-10-01T00:08:01.426+0400: [GC (Allocation Failure) 79M->409M(4096M), 0.003 secs]
2025-10-01T00:08:01.427+0400: [GC (Allocation Failure) 79M->409M(4096M), 0.057 secs]
2025-10-01T00:08:01.447+0400: [System.gc() (Allocation Failure) 79M->72M(4096M), 0.020 secs]
2025-10-01T00:08:01.849+0400: [Full GC (System.gc()) 72M->409M(4096M), 0.447 secs]
2025-10-01T00:08:02.257+0400: [GC (Allocation Failure) 74M->409M(4096M), 0.002 secs]
2025-10-01T00:08:02.463+0400: [GC (Allocation Failure) 76M->409M(4096M), 0.060 secs]
2025-10-01T00:08:02.663+0400: [GC (Allocation Failure) 78M->409M(4096M), 0.047 secs]
2025-10-01T00:08:03.064+0400: [GC (Allocation Failure) 80M->409M(4096M), 0.046 secs]
2025-10-01T00:08:03.475+0400: [Full GC (System.gc()) 84M->409M(4096M), 0.483 secs]
2025-10-01T00:08:03.475+0400: [GC (Allocation Failure) 84M->409M(4096M), 0.002 secs]
2025-10-01T00:08:03.884+0400: [GC (Allocation Failure) 86M->409M(4096M), 0.047 secs]
2025-10-01T00:08:04.291+0400: [GC (Allocation Failure) 90M->409M(4096M), 0.034 secs]
2025-10-01T00:08:04.497+0400: [GC (Allocation Failure) 90M->409M(4096M), 0.005 secs]
2025-10-01T00:08:04.518+0400: [System.gc() (Allocation Failure) 90M->84M(4096M), 0.021 secs]
2025-10-01T00:08:04.724+0400: [Full GC (System.gc()) 84M->409M(4096M), 0.460 secs]
2025-10-01T00:08:05.134+0400: [GC (Allocation Failure) 86M->409M(4096M), 0.085 secs]
2025-10-01T00:08:05.542+0400: [GC (Allocation Failure) 88M->409M(4096M), 0.037 secs]
2025-10-01T00:08:05.543+0400: [GC (Allocation Failure) 88M->409M(4096M), 0.031 secs]
2025-10-01T00:08:05.953+0400: [GC (Allocation Failure) 92M->409M(4096M), 0.095 secs]
2025-10-01T00:08:06.364+0400: [Full GC (System.gc()) 94M->409M(4096M), 0.208 secs]
2025-10-01T00:08:06.568+0400: [GC (Allocation Failure) 96M->409M(4096M), 0.033 secs]
2025-10-01T00:08:06.773+0400: [GC (Allocation Failure) 96M->409M(4096M), 0.009 secs]
2025-10-01T00:08:07.182+0400: [GC (Allocation Failure) 100M->409M(4096M), 0.012 secs]
2025-10-01T00:08:07.592+0400: [GC (Allocation Failure) 102M->409M(4096M), 0.006 secs]
2025-10-01T00:08:07.593+0400: [Full GC (System.gc()) 102M->409M(4096M), 0.349 secs]
2025-10-01T00:08:07.614+0400: [System.gc() (Allocation Failure) 102M->95M(4096M), 0.021 secs]
2025-10-01T00:08:08.021+0400: [GC (Allocation Failure) 95M->409M(4096M), 0.023 secs]
2025-10-01T00:08:08.431+0400: [GC (Allocation Failure) 97M->409M(4096M), 0.041 secs]
2025-10-01T00:08:08.637+0400: [GC (Allocation Failure) 99M->409M(4096M), 0.086 secs]
2025-10-01T00:08:08.843+0400: [GC (Allocation Failure) 101M->409M(4096M), 0.045 secs]
2025-10-01T00:08:09.254+0400: [Full GC (System.gc()) 103M->409M(4096M), 0.373 secs]
2025-10-01T00:08:09.665+0400: [GC (Allocation Failure) 107M->409M(4096M), 0.009 secs]
2025-10-01T00:08:09.665+0400: [GC (Allocation Failure) 107M->409M(4096M), 0.019 secs]
2025-10-01T00:08:10.069+0400: [GC (Allocation Failure) 109M->409M(4096M), 0.037 secs]
2025-10-01T00:08:10.476+0400: [GC (Allocation Failure) 111M->409M(4096M), 0.008 secs]
2025-10-01T00:08:10.682+0400: [Full GC (System.gc()) 113M->409M(4096M), 0.311 secs]
2025-10-01T00:08:10.693+0400: [System.gc() (Allocation Failure) 113M->106M(4096M), 0.011 secs]
2025-10-01T00:08:10.895+0400: [GC (Allocation Failure) 130M->409M(4096M), 0.023 secs]
2025-10-01T00:08:11.306+0400: [GC (Allocation Failure) 148M->409M(4096M), 0.030 secs]
2025-10-01T00:08:11.712+0400: [GC (Allocation Failure) 156M->409M(4096M), 0.033 secs]
2025-10-01T00:08:11.712+0400: [GC (Allocation Failure) 156M->409M(4096M), 0.002 secs]
2025-10-01T00:08:12.122+0400: [Full GC (System.gc()) 164M->409M(4096M), 0.206 secs]
2025-10-01T00:08:12.531+0400: [GC (Allocation Failure) 172M->409M(4096M), 0.030 secs]
2025-10-01T00:08:12.737+0400: [GC (Allocation Failure) 165M->409M(4096M), 0.031 secs]
2025-10-01T00:08:12.942+0400: [GC (Allocation Failure) 167M->409M(4096M), 0.020 secs]
2025-10-01T00:08:13.346+0400: [GC (Allocation Failure) 175M->409M(4096M), 0.003 secs]
2025-10-01T00:08:13.757+0400: [Full GC (System.gc()) 145M->409M(4096M), 0.322 secs]
2025-10-01T00:08:13.758+0400: [GC (Allocation Failure) 145M->409M(4096M), 0.047 secs]
2025-10-01T00:08:13.771+0400: [System.gc() (Allocation Failure) 145M->125M(4096M), 0.013 secs]
2025-10-01T00:08:14.185+0400: [System.gc() (Allocation Failure) 143M->5M(4096M), 0.013 secs]
2025-10-01T00:08:15.240+0400: [GC (Allocation Failure) 31M->409M(4096M), 0.045 secs]
2025-10-01T00:08:15.644+0400: [GC (Allocation Failure) 33M->409M(4096M), 0.019 secs]
2025-10-01T00:08:15.845+0400: [GC (Allocation Failure) 35M->409M(4096M), 0.043 secs]
2025-10-01T00:08:16.046+0400: [Full GC (System.gc()) 35M->409M(4096M), 0.487 secs]
2025-10-01T00:08:16.453+0400: [GC (Allocation Failure) 39M->409M(4096M), 0.009 secs]
2025-10-01T00:08:16.868+0400: [GC (Allocation Failure) 38M->409M(4096M), 0.089 secs]
2025-10-01T00:08:16.869+0400: [GC (Allocation Failure) 38M->409M(4096M), 0.049 secs]
2025-10-01T00:08:17.276+0400: [GC (Allocation Failure) 17M->409M(4096M), 0.007 secs]
2025-10-01T00:08:17.685+0400: [Full GC (System.gc()) 17M->409M(4096M), 0.154 secs]
2025-10-01T00:08:17.889+0400: [GC (Allocation Failure) 19M->409M(4096M), 0.022 secs]
2025-10-01T00:08:17.909+0400: [System.gc() (Allocation Failure) 19M->16M(4096M), 0.019 secs]
2025-10-01T00:08:18.115+0400: [GC (Allocation Failure) 16M->409M(4096M), 0.027 secs]
2025-10-01T00:08:18.519+0400: [GC (Allocation Failure) 18M->409M(4096M), 0.067 secs]
2025-10-01T00:08:18.929+0400: [GC (Allocation Failure) 20M->409M(4096M), 0.049 secs]
2025-10-01T00:08:18.930+0400: [Full GC (System.gc()) 20M->409M(4096M), 0.495 secs]
2025-10-01T00:08:19.336+0400: [GC (Allocation Failure) 28M->409M(4096M), 0.074 secs]
2025-10-01T00:08:19.747+0400: [GC (Allocation Failure) 35M->409M(4096M), 0.010 secs]
2025-10-01T00:08:19.949+0400: [GC (Allocation Failure) 39M->409M(4096M), 0.015 secs]
2025-10-01T00:08:20.151+0400: [GC (Allocation Failure) 43M->409M(4096M), 0.065 secs]
2025-10-01T00:08:20.557+0400: [Full GC (System.gc()) 49M->409M(4096M), 0.342 secs]
2025-10-01T00:08:20.962+0400: [GC (Allocation Failure) 53M->409M(4096M), 0.016 secs]
2025-10-01T00:08:20.962+0400: [GC (Allocation Failure) 53M->409M(4096M), 0.073 secs]
2025-10-01T00:08:20.976+0400: [System.gc() (Allocation Failure) 53M->35M(4096M), 0.014 secs]
2025-10-01T00:08:21.385+0400: [GC (Allocation Failure) 39M->409M(4096M), 0.043 secs]
2025-10-01T00:08:21.792+0400: [GC (Allocation Failure) 47M->409M(4096M), 0.010 secs]
2025-10-01T00:08:21.996+0400: [Full GC (System.gc()) 51M->409M(4096M), 0.395 secs]
2025-10-01T00:08:22.199+0400: [GC (Allocation Failure) 52M->409M(4096M), 0.017 secs]
2025-10-01T00:08:22.607+0400: [GC (Allocation Failure) 58M->409M(4096M), 0.045 secs]
2025-10-01T00:08:23.013+0400: [GC (Allocation Failure) 66M->409M(4096M), 0.079 secs]
2025-10-01T00:08:23.013+0400: [GC (Allocation Failure) 66M->409M(4096M), 0.021 secs]
2025-10-01T00:08:23.420+0400: [Full GC (System.gc()) 74M->409M(4096M), 0.292 secs]
2025-10-01T00:08:23.831+0400: [GC (Allocation Failure) 77M->409M(4096M), 0.054 secs]
2025-10-01T00:08:24.034+0400: [GC (Allocation Failure) 79M->409M(4096M), 0.041 secs]
2025-10-01T00:08:24.052+0400: [System.gc() (Allocation Failure) 79M->39M(4096M), 0.016 secs]
2025-10-01T00:08:24.257+0400: [GC (Allocation Failure) 39M->409M(4096M), 0.038 secs]
2025-10-01T00:08:24.664+0400: [GC (Allocation Failure) 41M->409M(4096M), 0.012 secs]
2025-10-01T00:08:25.074+0400: [Full GC (System.gc()) 43M->409M(4096M), 0.436 secs]
2025-10-01T00:08:25.074+0400: [GC (Allocation Failure) 43M->409M(4096M), 0.028 secs]
2025-10-01T00:08:25.485+0400: [GC (Allocation Failure) 45M->409M(4096M), 0.015 secs]
2025-10-01T00:08:25.893+0400: [GC (Allocation Failure) 49M->409M(4096M), 0.044 secs]
2025-10-01T00:08:26.099+0400: [GC (Allocation Failure) 51M->409M(4096M), 0.002 secs]
2025-10-01T00:08:26.302+0400: [Full GC (System.gc()) 51M->409M(4096M), 0.351 secs]
2025-10-01T00:08:26.713+0400: [GC (Allocation Failure) 69M->409M(4096M), 0.013 secs]
2025-10-01T00:08:27.122+0400: [GC (Allocation Failure) 71M->409M(4096M), 0.027 secs]
2025-10-01T00:08:27.122+0400: [GC (Allocation Failure) 71M->409M(4096M), 0.023 secs]
2025-10-01T00:08:27.140+0400: [System.gc() (Allocation Failure) 71M->50M(4096M), 0.018 secs]
2025-10-01T00:08:27.547+0400: [GC (Allocation Failure) 50M->409M(4096M), 0.036 secs]
2025-10-01T00:08:27.959+0400: [Full GC (System.gc()) 52M->409M(4096M), 0.382 secs]
2025-10-01T00:08:28.164+0400: [GC (Allocation Failure) 54M->409M(4096M), 0.007 secs]
2025-10-01T00:08:28.370+0400: [GC (Allocation Failure) 56M->409M(4096M), 0.013 secs]
2025-10-01T00:08:28.782+0400: [GC (Allocation Failure) 58M->409M(4096M), 0.045 secs]
2025-10-01T00:08:29.192+0400: [GC (Allocation Failure) 62M->409M(4096M), 0.055 secs]
2025-10-01T00:08:29.193+0400: [Full GC (System.gc()) 62M->409M(4096M), 0.142 secs]
2025-10-01T00:08:29.604+0400: [GC (Allocation Failure) 64M->409M(4096M), 0.049 secs]
2025-10-01T00:08:30.012+0400: [GC (Allocation Failure) 66M->409M(4096M), 0.069 secs]
2025-10-01T00:08:30.216+0400: [GC (Allocation Failure) 68M->409M(4096M), 0.015 secs]
2025-10-01T00:08:30.233+0400: [System.gc() (Allocation Failure) 68M->61M(4096M), 0.016 secs]
2025-10-01T00:08:30.439+0400: [GC (Allocation Failure) 61M->409M(4096M), 0.002 secs]
2025-10-01T00:08:30.841+0400: [Full GC (System.gc()) 63M->409M(4096M), 0.406 secs]
2025-10-01T00:08:31.249+0400: [GC (Allocation Failure) 65M->409M(4096M), 0.036 secs]
2025-10-01T00:08:31.249+0400: [GC (Allocation Failure) 65M->409M(4096M), 0.045 secs]
2025-10-01T00:08:31.660+0400: [GC (Allocation Failure) 67M->409M(4096M), 0.074 secs]
2025-10-01T00:08:32.068+0400: [GC (Allocation Failure) 71M->409M(4096M), 0.011 secs]
2025-10-01T00:08:32.272+0400: [Full GC (System.gc()) 73M->409M(4096M), 0.442 secs]
2025-10-01T00:08:32.473+0400: [GC (Allocation Failure) 73M->409M(4096M), 0.024 secs]
2025-10-01T00:08:32.883+0400: [GC (Allocation Failure) 77M->409M(4096M), 0.020 secs]
2025-10-01T00:08:33.289+0400: [GC (Allocation Failure) 79M->409M(4096M), 0.038 secs]
2025-10-01T00:08:33.290+0400: [GC (Allocation Failure) 79M->409M(4096M), 0.088 secs]
2025-10-01T00:08:33.310+0400: [System.gc() (Allocation Failure) 79M->72M(4096M), 0.020 secs]
2025-10-01T00:08:33.721+0400: [Full GC (System.gc()) 72M->409M(4096M), 0.310 secs]
2025-10-01T00:08:34.127+0400: [GC (Allocation Failure) 74M->409M(4096M), 0.047 secs]
2025-10-01T00:08:34.328+0400: [GC (Allocation Failure) 76M->409M(4096M), 0.045 secs]
2025-10-01T00:08:34.532+0400: [GC (Allocation Failure) 78M->409M(4096M), 0.013 secs]
2025-10-01T00:08:34.936+0400: [GC (Allocation Failure) 80M->409M(4096M), 0.044 secs]
2025-10-01T00:08:35.346+0400: [Full GC (System.gc()) 84M->409M(4096M), 0.428 secs]
2025-10-01T00:08:35.347+0400: [GC (Allocation Failure) 84M->409M(4096M), 0.020 secs]
2025-10-01T00:08:35.752+0400: [GC (Allocation Failure) 86M->409M(4096M), 0.011 secs]
2025-10-01T00:08:36.166+0400: [GC (Allocation Failure) 90M->409M(4096M), 0.020 secs]
2025-10-01T00:08:36.372+0400: [GC (Allocation Failure) 90M->409M(4096M), 0.047 secs]
2025-10-01T00:08:36.394+0400: [System.gc() (Allocation Failure) 90M->84M(4096M), 0.021 secs]
2025-10-01T00:08:36.599+0400: [Full GC (System.gc()) 84M->409M(4096M), 0.456 secs]
2025-10-01T00:08:37.007+0400: [GC (Allocation Failure) 86M->409M(4096M), 0.005 secs]
2025-10-01T00:08:37.414+0400: [GC (Allocation Failure) 88M->409M(4096M), 0.031 secs]
2025-10-01T00:08:37.414+0400: [GC (Allocation Failure) 88M->409M(4096M), 0.048 secs]
2025-10-01T00:08:37.820+0400: [GC (Allocation Failure) 92M->409M(4096M), 0.090 secs]
2025-10-01T00:08:38.231+0400: [Full GC (System.gc()) 94M->409M(4096M), 0.288 secs]
2025-10-01T00:08:38.436+0400: [GC (Allocation Failure) 96M->409M(4096M), 0.045 secs]
2025-10-01T00:08:38.637+0400: [GC (Allocation Failure) 96M->409M(4096M), 0.064 secs]
2025-10-01T00:08:39.045+0400: [GC (Allocation Failure) 100M->409M(4096M), 0.036 secs]
2025-10-01T00:08:39.453+0400: [GC (Allocation Failure) 102M->409M(4096M), 0.024 secs]
2025-10-01T00:08:39.453+0400: [Full GC (System.gc()) 102M->409M(4096M), 0.356 secs]
2025-10-01T00:08:39.471+0400: [System.gc() (Allocation Failure) 102M->95M(4096M), 0.017 secs]
2025-10-01T00:08:39.879+0400: [GC (Allocation Failure) 95M->409M(4096M), 0.003 secs]
2025-10-01T00:08:40.286+0400: [GC (Allocation Failure) 97M->409M(4096M), 0.043 secs]
2025-10-01T00:08:40.491+0400: [GC (Allocation Failure) 99M->409M(4096M), 0.099 secs]
2025-10-01T00:08:40.697+0400: [GC (Allocation Failure) 101M->409M(4096M), 0.008 secs]
2025-10-01T00:08:41.107+0400: [Full GC (System.gc()) 103M->409M(4096M), 0.313 secs]
2025-10-01T00:08:41.519+0400: [GC (Allocation Failure) 107M->409M(4096M), 0.053 secs]
2025-10-01T00:08:41.519+0400: [GC (Allocation Failure) 107M->409M(4096M), 0.027 secs]
2025-10-01T00:08:41.929+0400: [GC (Allocation Failure) 109M->409M(4096M), 0.041 secs]
2025-10-01T00:08:42.336+0400: [GC (Allocation Failure) 111M->409M(4096M), 0.065 secs]
2025-10-01T00:08:42.542+0400: [Full GC (System.gc()) 113M->409M(4096M), 0.376 secs]
2025-10-01T00:08:42.566+0400: [System.gc() (Allocation Failure) 113M->106M(4096M), 0.023 secs]
2025-10-01T00:08:42.771+0400: [GC (Allocation Failure) 106M->409M(4096M), 0.032 secs]
2025-10-01T00:08:43.177+0400: [GC (Allocation Failure) 108M->409M(4096M), 0.052 secs]
2025-10-01T00:08:43.584+0400: [GC (Allocation Failure) 110M->409M(4096M), 0.003 secs]
2025-10-01T00:08:43.584+0400: [GC (Allocation Failure) 110M->409M(4096M), 0.028 secs]
2025-10-01T00:08:43.988+0400: [Full GC (System.gc()) 112M->409M(4096M), 0.370 secs]
2025-10-01T00:08:44.399+0400: [GC (Allocation Failure) 116M->409M(4096M), 0.036 secs]
2025-10-01T00:08:44.605+0400: [GC (Allocation Failure) 118M->409M(4096M), 0.035 secs]
2025-10-01T00:08:44.811+0400: [GC (Allocation Failure) 118M->409M(4096M), 0.007 secs]
2025-10-01T00:08:45.218+0400: [GC (Allocation Failure) 122M->409M(4096M), 0.046 secs]
2025-10-01T00:08:45.621+0400: [Full GC (System.gc()) 124M->409M(4096M), 0.499 secs]
2025-10-01T00:08:45.622+0400: [GC (Allocation Failure) 124M->409M(4096M), 0.088 secs]
2025-10-01T00:08:45.639+0400: [System.gc() (Allocation Failure) 124M->117M(4096M), 0.017 secs]
2025-10-01T00:08:46.049+0400: [GC (Allocation Failure) 117M->409M(4096M), 0.004 secs]
2025-10-01T00:08:46.459+0400: [GC (Allocation Failure) 119M->409M(4096M), 0.018 secs]
2025-10-01T00:08:46.660+0400: [GC (Allocation Failure) 121M->409M(4096M), 0.021 secs]
2025-10-01T00:08:46.866+0400: [Full GC (System.gc()) 123M->409M(4096M), 0.302 secs]
2025-10-01T00:08:47.275+0400: [GC (Allocation Failure) 125M->409M(4096M), 0.035 secs]
2025-10-01T00:08:47.680+0400: [GC (Allocation Failure) 129M->409M(4096M), 0.026 secs]
2025-10-01T00:08:47.680+0400: [GC (Allocation Failure) 129M->409M(4096M), 0.004 secs]
2025-10-01T00:08:48.087+0400: [GC (Allocation Failure) 131M->409M(4096M), 0.045 secs]
2025-10-01T00:08:48.497+0400: [Full GC (System.gc()) 133M->409M(4096M), 0.174 secs]
2025-10-01T00:08:48.701+0400: [GC (Allocation Failure) 135M->409M(4096M), 0.025 secs]
2025-10-01T00:08:48.726+0400: [System.gc() (Allocation Failure) 135M->129M(4096M), 0.024 secs]
2025-10-01T00:08:48.931+0400: [GC (Allocation Failure) 129M->409M(4096M), 0.008 secs]
2025-10-01T00:08:49.338+0400: [GC (Allocation Failure) 131M->409M(4096M), 0.005 secs]
2025-10-01T00:08:49.743+0400: [GC (Allocation Failure) 133M->409M(4096M), 0.005 secs]
2025-10-01T00:08:49.743+0400: [Full GC (System.gc()) 133M->409M(4096M), 0.157 secs]
2025-10-01T00:08:50.150+0400: [GC (Allocation Failure) 135M->409M(4096M), 0.044 secs]
2025-10-01T00:08:50.559+0400: [GC (Allocation Failure) 139M->409M(4096M), 0.036 secs]
2025-10-01T00:08:50.765+0400: [GC (Allocation Failure) 141M->409M(4096M), 0.007 secs]
2025-10-01T00:08:50.971+0400: [GC (Allocation Failure) 141M->409M(4096M), 0.095 secs]
2025-10-01T00:08:51.382+0400: [Full GC (System.gc()) 145M->409M(4096M), 0.119 secs]
2025-10-01T00:08:51.792+0400: [GC (Allocation Failure) 147M->409M(4096M), 0.044 secs]
2025-10-01T00:08:51.792+0400: [GC (Allocation Failure) 147M->409M(4096M), 0.081 secs]
2025-10-01T00:08:51.816+0400: [System.gc() (Allocation Failure) 147M->140M(4096M), 0.023 secs]
2025-10-01T00:08:52.226+0400: [GC (Allocation Failure) 140M->409M(4096M), 0.016 secs]
2025-10-01T00:08:52.635+0400: [GC (Allocation Failure) 142M->409M(4096M), 0.025 secs]
2025-10-01T00:08:52.841+0400: [Full GC (System.gc()) 144M->409M(4096M), 0.363 secs]
2025-10-01T00:08:53.047+0400: [GC (Allocation Failure) 146M->409M(4096M), 0.048 secs]
2025-10-01T00:08:53.454+0400: [GC (Allocation Failure) 148M->409M(4096M), 0.042 secs]
2025-10-01T00:08:53.858+0400: [GC (Allocation Failure) 152M->409M(4096M), 0.036 secs]
2025-10-01T00:08:53.859+0400: [GC (Allocation Failure) 152M->409M(4096M), 0.049 secs]
2025-10-01T00:08:54.265+0400: [Full GC (System.gc()) 154M->409M(4096M), 0.155 secs]
2025-10-01T00:08:54.675+0400: [GC (Allocation Failure) 156M->409M(4096M), 0.027 secs]
2025-10-01T00:08:54.877+0400: [GC (Allocation Failure) 158M->409M(4096M), 0.009 secs]
2025-10-01T00:08:54.896+0400: [System.gc() (Allocation Failure) 158M->151M(4096M), 0.019 secs]
2025-10-01T00:08:55.102+0400: [GC (Allocation Failure) 151M->409M(4096M), 0.003 secs]
2025-10-01T00:08:55.510+0400: [GC (Allocation Failure) 153M->409M(4096M), 0.086 secs]
2025-10-01T00:08:55.916+0400: [Full GC (System.gc()) 155M->409M(4096M), 0.342 secs]
2025-10-01T00:08:55.917+0400: [GC (Allocation Failure) 155M->409M(4096M), 0.045 secs]
2025-10-01T00:08:56.320+0400: [GC (Allocation Failure) 157M->409M(4096M), 0.070 secs]
2025-10-01T00:08:56.727+0400: [GC (Allocation Failure) 161M->409M(4096M), 0.018 secs]
2025-10-01T00:08:56.933+0400: [GC (Allocation Failure) 163M->409M(4096M), 0.048 secs]
2025-10-01T00:08:57.139+0400: [Full GC (System.gc()) 163M->409M(4096M), 0.191 secs]
2025-10-01T00:08:57.550+0400: [GC (Allocation Failure) 167M->409M(4096M), 0.019 secs]
2025-10-01T00:08:57.960+0400: [GC (Allocation Failure) 169M->409M(4096M), 0.002 secs]
2025-10-01T00:08:57.960+0400: [GC (Allocation Failure) 169M->409M(4096M), 0.041 secs]
2025-10-01T00:08:57.981+0400: [System.gc() (Allocation Failure) 169M->162M(4096M), 0.021 secs]
2025-10-01T00:08:58.390+0400: [GC (Allocation Failure) 162M->409M(4096M), 0.043 secs]
2025-10-01T00:08:58.798+0400: [Full GC (System.gc()) 164M->409M(4096M), 0.379 secs]
2025-10-01T00:08:59.003+0400: [GC (Allocation Failure) 166M->409M(4096M), 0.086 secs]
2025-10-01T00:08:59.207+0400: [GC (Allocation Failure) 168M->409M(4096M), 0.019 secs]
2025-10-01T00:08:59.616+0400: [GC (Allocation Failure) 170M->409M(4096M), 0.033 secs]
2025-10-01T00:09:00.020+0400: [GC (Allocation Failure) 174M->409M(4096M), 0.005 secs]
2025-10-01T00:09:00.020+0400: [Full GC (System.gc()) 174M->409M(4096M), 0.202 secs]
2025-10-01T00:09:00.432+0400: [GC (Allocation Failure) 176M->409M(4096M), 0.049 secs]
2025-10-01T00:09:00.840+0400: [GC (Allocation Failure) 178M->409M(4096M), 0.078 secs]
2025-10-01T00:09:01.046+0400: [GC (Allocation Failure) 180M->409M(4096M), 0.028 secs]
2025-10-01T00:09:01.067+0400: [System.gc() (Allocation Failure) 180M->174M(4096M), 0.021 secs]
2025-10-01T00:09:01.268+0400: [GC (Allocation Failure) 174M->409M(4096M), 0.020 secs]
2025-10-01T00:09:01.675+0400: [Full GC (System.gc()) 176M->409M(4096M), 0.206 secs]
2025-10-01T00:09:02.082+0400: [GC (Allocation Failure) 178M->409M(4096M), 0.027 secs]
2025-10-01T00:09:02.083+0400: [GC (Allocation Failure) 178M->409M(4096M), 0.036 secs]
2025-10-01T00:09:02.489+0400: [GC (Allocation Failure) 180M->409M(4096M), 0.014 secs]
2025-10-01T00:09:02.897+0400: [GC (Allocation Failure) 184M->409M(4096M), 0.036 secs]
2025-10-01T00:09:03.103+0400: [Full GC (System.gc()) 186M->409M(4096M), 0.499 secs]
2025-10-01T00:09:03.309+0400: [GC (Allocation Failure) 186M->409M(4096M), 0.019 secs]
2025-10-01T00:09:03.721+0400: [GC (Allocation Failure) 190M->409M(4096M), 0.007 secs]
2025-10-01T00:09:04.132+0400: [GC (Allocation Failure) 192M->409M(4096M), 0.037 secs]
2025-10-01T00:09:04.132+0400: [GC (Allocation Failure) 192M->409M(4096M), 0.056 secs]
2025-10-01T00:09:04.157+0400: [System.gc() (Allocation Failure) 192M->185M(4096M), 0.024 secs]
2025-10-01T00:09:04.563+0400: [Full GC (System.gc()) 185M->409M(4096M), 0.244 secs]
2025-10-01T00:09:04.971+0400: [GC (Allocation Failure) 187M->409M(4096M), 0.003 secs]
2025-10-01T00:09:05.177+0400: [GC (Allocation Failure) 189M->409M(4096M), 0.086 secs]
2025-10-01T00:09:05.383+0400: [GC (Allocation Failure) 191M->409M(4096M), 0.048 secs]
2025-10-01T00:09:05.788+0400: [GC (Allocation Failure) 193M->409M(4096M), 0.011 secs]
2025-10-01T00:09:06.199+0400: [Full GC (System.gc()) 197M->409M(4096M), 0.450 secs]
2025-10-01T00:09:06.199+0400: [GC (Allocation Failure) 197M->409M(4096M), 0.037 secs]
2025-10-01T00:09:06.610+0400: [GC (Allocation Failure) 199M->409M(4096M), 0.007 secs]
2025-10-01T00:09:07.020+0400: [GC (Allocation Failure) 203M->409M(4096M), 0.034 secs]
2025-10-01T00:09:07.221+0400: [GC (Allocation Failure) 203M->409M(4096M), 0.021 secs]
2025-10-01T00:09:07.246+0400: [System.gc() (Allocation Failure) 203M->196M(4096M), 0.025 secs]
2025-10-01T00:09:07.451+0400: [Full GC (System.gc()) 196M->409M(4096M), 0.318 secs]
2025-10-01T00:09:07.853+0400: [GC (Allocation Failure) 198M->409M(4096M), 0.078 secs]
2025-10-01T00:09:08.258+0400: [GC (Allocation Failure) 200M->409M(4096M), 0.015 secs]
2025-10-01T00:09:08.259+0400: [GC (Allocation Failure) 200M->409M(4096M), 0.015 secs]
2025-10-01T00:09:08.669+0400: [GC (Allocation Failure) 202M->409M(4096M), 0.046 secs]
2025-10-01T00:09:09.072+0400: [Full GC (System.gc()) 206M->409M(4096M), 0.326 secs]
2025-10-01T00:09:09.276+0400: [GC (Allocation Failure) 208M->409M(4096M), 0.025 secs]
2025-10-01T00:09:09.481+0400: [GC (Allocation Failure) 208M->409M(4096M), 0.017 secs]
2025-10-01T00:09:09.888+0400: [GC (Allocation Failure) 212M->409M(4096M), 0.045 secs]
2025-10-01T00:09:10.297+0400: [GC (Allocation Failure) 214M->409M(4096M), 0.003 secs]
2025-10-01T00:09:10.298+0400: [Full GC (System.gc()) 214M->409M(4096M), 0.261 secs]
2025-10-01T00:09:10.326+0400: [System.gc() (Allocation Failure) 214M->207M(4096M), 0.028 secs]
2025-10-01T00:09:10.736+0400: [GC (Allocation Failure) 207M->409M(4096M), 0.006 secs]
2025-10-01T00:09:11.143+0400: [GC (Allocation Failure) 209M->409M(4096M), 0.002 secs]
2025-10-01T00:09:11.349+0400: [GC (Allocation Failure) 211M->409M(4096M), 0.035 secs]
2025-10-01T00:09:11.554+0400: [GC (Allocation Failure) 213M->409M(4096M), 0.045 secs]
2025-10-01T00:09:11.963+0400: [Full GC (System.gc()) 215M->409M(4096M), 0.162 secs]
2025-10-01T00:09:12.370+0400: [GC (Allocation Failure) 219M->409M(4096M), 0.057 secs]
2025-10-01T00:09:12.371+0400: [GC (Allocation Failure) 219M->409M(4096M), 0.019 secs]
2025-10-01T00:09:12.777+0400: [GC (Allocation Failure) 221M->409M(4096M), 0.002 secs]
2025-10-01T00:09:13.184+0400: [GC (Allocation Failure) 223M->409M(4096M), 0.021 secs]
2025-10-01T00:09:13.387+0400: [Full GC (System.gc()) 225M->409M(4096M), 0.220 secs]
2025-10-01T00:09:13.411+0400: [System.gc() (Allocation Failure) 225M->219M(4096M), 0.024 secs]
2025-10-01T00:09:13.616+0400: [GC (Allocation Failure) 219M->409M(4096M), 0.020 secs]
2025-10-01T00:09:14.026+0400: [GC (Allocation Failure) 221M->409M(4096M), 0.009 secs]
2025-10-01T00:09:14.436+0400: [GC (Allocation Failure) 223M->409M(4096M), 0.021 secs]
2025-10-01T00:09:14.437+0400: [GC (Allocation Failure) 223M->409M(4096M), 0.009 secs]
2025-10-01T00:09:14.844+0400: [Full GC (System.gc()) 225M->409M(4096M), 0.292 secs]
2025-10-01T00:09:15.252+0400: [GC (Allocation Failure) 229M->409M(4096M), 0.030 secs]
2025-10-01T00:09:15.458+0400: [GC (Allocation Failure) 231M->409M(4096M), 0.028 secs]
2025-10-01T00:09:15.661+0400: [GC (Allocation Failure) 231M->409M(4096M), 0.066 secs]
2025-10-01T00:09:16.069+0400: [GC (Allocation Failure) 235M->409M(4096M), 0.007 secs]
2025-10-01T00:09:16.476+0400: [Full GC (System.gc()) 237M->409M(4096M), 0.454 secs]
2025-10-01T00:09:16.476+0400: [GC (Allocation Failure) 237M->409M(4096M), 0.038 secs]
2025-10-01T00:09:16.501+0400: [System.gc() (Allocation Failure) 237M->230M(4096M), 0.025 secs]
2025-10-01T00:09:16.910+0400: [GC (Allocation Failure) 230M->409M(4096M), 0.004 secs]
2025-10-01T00:09:17.314+0400: [GC (Allocation Failure) 232M->409M(4096M), 0.004 secs]
2025-10-01T00:09:17.520+0400: [GC (Allocation Failure) 234M->409M(4096M), 0.012 secs]
2025-10-01T00:09:17.725+0400: [Full GC (System.gc()) 236M->409M(4096M), 0.115 secs]
2025-10-01T00:09:18.132+0400: [GC (Allocation Failure) 238M->409M(4096M), 0.012 secs]
2025-10-01T00:09:18.543+0400: [GC (Allocation Failure) 242M->409M(4096M), 0.091 secs]
2025-10-01T00:09:18.543+0400: [GC (Allocation Failure) 242M->409M(4096M), 0.023 secs]
2025-10-01T00:09:18.953+0400: [GC (Allocation Failure) 244M->409M(4096M), 0.008 secs]
2025-10-01T00:09:19.357+0400: [Full GC (System.gc()) 246M->409M(4096M), 0.100 secs]
2025-10-01T00:09:19.563+0400: [GC (Allocation Failure) 248M->409M(4096M), 0.045 secs]
2025-10-01T00:09:19.584+0400: [System.gc() (Allocation Failure) 248M->241M(4096M), 0.021 secs]
2025-10-01T00:09:19.789+0400: [GC (Allocation Failure) 241M->409M(4096M), 0.030 secs]
2025-10-01T00:09:20.198+0400: [GC (Allocation Failure) 243M->409M(4096M), 0.035 secs]
2025-10-01T00:09:20.605+0400: [GC (Allocation Failure) 245M->409M(4096M), 0.016 secs]
2025-10-01T00:09:20.605+0400: [Full GC (System.gc()) 245M->409M(4096M), 0.308 secs]
2025-10-01T00:09:21.013+0400: [GC (Allocation Failure) 249M->409M(4096M), 0.005 secs]
2025-10-01T00:09:21.420+0400: [GC (Allocation Failure) 251M->409M(4096M), 0.033 secs]
2025-10-01T00:09:21.626+0400: [GC (Allocation Failure) 253M->409M(4096M), 0.025 secs]
2025-10-01T00:09:21.831+0400: [GC (Allocation Failure) 253M->409M(4096M), 0.067 secs]
2025-10-01T00:09:22.242+0400: [Full GC (System.gc()) 257M->409M(4096M), 0.202 secs]
2025-10-01T00:09:22.653+0400: [GC (Allocation Failure) 259M->409M(4096M), 0.011 secs]
2025-10-01T00:09:22.654+0400: [GC (Allocation Failure) 259M->409M(4096M), 0.099 secs]
2025-10-01T00:09:22.678+0400: [System.gc() (Allocation Failure) 259M->252M(4096M), 0.024 secs]
2025-10-01T00:09:23.089+0400: [GC (Allocation Failure) 252M->409M(4096M), 0.042 secs]
2025-10-01T00:09:23.495+0400: [GC (Allocation Failure) 254M->409M(4096M), 0.035 secs]
2025-10-01T00:09:23.698+0400: [Full GC (System.gc()) 256M->409M(4096M), 0.329 secs]
2025-10-01T00:09:23.903+0400: [GC (Allocation Failure) 258M->409M(4096M), 0.046 secs]
2025-10-01T00:09:24.315+0400: [GC (Allocation Failure) 260M->409M(4096M), 0.048 secs]
2025-10-01T00:09:24.725+0400: [GC (Allocation Failure) 264M->409M(4096M), 0.054 secs]
2025-10-01T00:09:24.726+0400: [GC (Allocation Failure) 264M->409M(4096M), 0.025 secs]
2025-10-01T00:09:25.131+0400: [Full GC (System.gc()) 266M->409M(4096M), 0.159 secs]
2025-10-01T00:09:25.539+0400: [GC (Allocation Failure) 294M->409M(4096M), 0.037 secs]
2025-10-01T00:09:25.746+0400: [GC (Allocation Failure) 294M->409M(4096M), 0.031 secs]
2025-10-01T00:09:25.775+0400: [System.gc() (Allocation Failure) 294M->263M(4096M), 0.029 secs]
2025-10-01T00:09:25.981+0400: [GC (Allocation Failure) 263M->409M(4096M), 0.002 secs]
2025-10-01T00:09:26.391+0400: [GC (Allocation Failure) 265M->409M(4096M), 0.032 secs]
2025-10-01T00:09:26.799+0400: [Full GC (System.gc()) 267M->409M(4096M), 0.295 secs]
2025-10-01T00:09:26.799+0400: [GC (Allocation Failure) 267M->409M(4096M), 0.017 secs]
2025-10-01T00:09:27.208+0400: [GC (Allocation Failure) 271M->409M(4096M), 0.014 secs]
2025-10-01T00:09:27.614+0400: [GC (Allocation Failure) 273M->409M(4096M), 0.027 secs]
2025-10-01T00:09:27.819+0400: [GC (Allocation Failure) 275M->409M(4096M), 0.002 secs]
2025-10-01T00:09:28.024+0400: [Full GC (System.gc()) 275M->409M(4096M), 0.415 secs]
2025-10-01T00:09:28.435+0400: [GC (Allocation Failure) 319M->409M(4096M), 0.039 secs]
2025-10-01T00:09:28.842+0400: [GC (Allocation Failure) 327M->409M(4096M), 0.037 secs]
2025-10-01T00:09:28.842+0400: [GC (Allocation Failure) 327M->409M(4096M), 0.090 secs]
2025-10-01T00:09:28.855+0400: [System.gc() (Allocation Failure) 327M->283M(4096M), 0.013 secs]
2025-10-01T00:09:29.270+0400: [System.gc() (Allocation Failure) 313M->18M(4096M), 0.008 secs]
